AchromobacterphageJWDelta	AchromobacterphageJWAlpha	98.577	8360	119	0	1	8360	23731	32090	0.0	14779
Acinetobacterphage133	EnterobacteriaphageRB33	72.183	1402	348	37	7734	9114	102603	103983	4.09e-106	390
AcinetobacterphageAB3	AcinetobacterbacteriophageAP22	90.968	155	12	2	855	1007	31279	31125	1.82e-51	207
AcinetobacterphageAcj9	EnterobacterphagePG7	71.545	3792	932	126	66828	70539	101131	104855	0.0	889
AcinetobacterphagePresley	SalmonellaphageFSLSP-076	74.021	281	58	14	5626	5898	59416	59689	2.37e-19	100
AcinetobacterphagevBAbaMAcibel004	AcinetobacterphageYMC13/03/R2096	90.123	81	8	0	27559	27639	17057	17137	1.82e-20	106
AeromonasphageAes012	AeromonasphageAes508	92.355	4068	291	14	1	4056	138276	142335	0.0	5771
AeromonasphagePX29	AeromonasphagephiAS5	94.444	54	3	0	166	219	147682	147735	1.90e-14	84.2
AlteromonasphagevBAmaPAD45-P4	AlteromonasphagevBAmaPAD45-P2	99.944	3547	2	0	1	3547	39829	43375	0.0	6540
Bacillusphage250	BacillusphagephIS3501	94.958	476	22	2	12566	13040	36228	36702	0.0	745
BacillusphageAndromeda	BacillusphageRiggi	84.648	951	132	12	1965	2912	48581	49520	0.0	935
BacillusphageB5S	BacillusphageB4	99.998	50808	1	0	1	50808	86227	137034	0.0	93820
BacillusphageBCP78	BacillusphageBCU4	98.032	22556	372	34	1	22540	112331	134830	0.0	39127
BacillusphageBCP8-2	BacillusphageJBP901	98.316	4157	63	5	1	4155	10	4161	0.0	7282
BacillusphageBMBtpLA	BacillusphagephIS3501	88.951	1620	151	17	5430	7039	35162	36763	0.0	1975
BacillusphageBceA1	BacillusphagephIS3501	95.260	1751	79	4	9555	11303	35015	36763	0.0	2771
BacillusphageBcp1	BacillusphageJBP901	88.160	11258	1156	107	40	11217	85874	74714	0.0	13241
BacillusphageBigBertha	BacillusphageRiley	94.616	4458	205	26	1	4448	110940	115372	0.0	6870
BacillusphageBlastoid	BacillusphageEoghan	98.167	2019	36	1	256	2273	42027	44045	0.0	3522
BacillusphageBobb	BacillusphagephiNIT1	72.705	1612	393	39	10819	12408	28426	26840	8.76e-138	496
BacillusphageBp8p-C	BacillusphageGrass	76.041	2162	484	28	44713	46860	89704	87563	0.0	1092
BacillusphageBtCS33	BacillusphagephIS3501	93.945	5830	308	13	11691	17497	5255	11062	0.0	8769
BacillusphageCAM003	BacillusphageEvoli	97.998	21075	408	3	1	21062	46628	67701	0.0	36568
BacillusphageCherry	BacillusphageWBeta	99.451	5282	0	2	1	5254	19470	24750	0.0	9566
BacillusphageCurly	BacillusphageEoghan	82.398	2352	355	48	1	2315	43919	46248	0.0	1995
BacillusphageFah	BacillusphageWBeta	99.453	10233	27	2	2126	12330	15917	26148	0.0	18559
BacillusphageFinn	BacillusphageRiggi	95.460	1542	64	5	1	1538	46763	48302	0.0	2455
BacillusphageGammaisolated'Herelle	BacillusphageWBeta	100.000	6559	0	0	6534	13092	26753	33311	0.0	12113
BacillusphageGemini	BacillusphageRiggi	83.812	5461	841	37	4516	9960	29217	34650	0.0	5147
BacillusphageGlittering	BacillusphageEoghan	82.610	11317	1850	102	9	11258	16384	27649	0.0	9888
BacillusphagePage	Bacillusphagepoppyseed	100.000	6489	0	0	1	6489	15257	21745	0.0	11984
BacillusphagePascal	Bacillusphagepoppyseed	80.268	5377	951	90	1	5311	19750	25082	0.0	3951
BacillusphagePony	BacillusphagePalmer	98.654	3120	38	3	1	3119	29208	32324	0.0	5526
BacillusphagePookie	Bacillusphagepoppyseed	98.342	20682	313	24	9671	30337	9973	30639	0.0	36265
BacillusphageSPO1	BacillusphageCampHawk	99.879	825	1	0	1	825	112948	113772	0.0	1519
BacillusphageSlash	BacillusphageStahl	89.382	4031	361	53	1654	5644	69556	73559	0.0	5011
BacillusphageSpock	BacillusphageB4	94.503	8677	449	24	3423	12085	107770	99108	0.0	13356
BacillusphageStaley	BacillusphageStahl	95.759	6084	255	3	1	6082	59846	65928	0.0	9803
BacillusphageStills	BacillusphageStahl	88.258	7256	803	42	11417	18647	25597	32828	0.0	8634
BacillusphageTaylor	BacillusphageEoghan	99.957	6994	2	1	1	6993	18465	25458	0.0	12898
BacillusphageTroll	BacillusphageRiley	99.978	4524	1	0	1	4524	79519	84042	0.0	8349
BacillusphageWaukesha92	BacillusphagephIS3501	94.241	191	9	2	9826	10015	36763	36574	1.60e-76	291
Bacillusphagephi29	BacillusphagePZA	90.593	4114	382	3	4	4113	13468	17580	0.0	5448
BacillusphagephiAGATE	BacillusphageMater	72.328	3556	877	88	70860	74363	79691	83191	0.0	1016
BacteriophageDiva	BacteriophageSitara	100.000	4260	0	0	1	4260	10792	15051	0.0	7867
BacteriophageLily	BacteriophageRani	87.653	2122	237	23	1	2112	27123	29229	0.0	2444
BrevibacillusphageAbouo	BrevibacillusphageJimmer1	95.685	927	39	1	1558	2484	44810	45735	0.0	1489
BrevibacillusphageDavies	BrevibacillusphageJimmer1	98.292	878	13	2	3744	4620	8551	9427	0.0	1537
BrevibacillusphageJimmer2	BrevibacillusphageJimmer1	100.000	99	0	0	1	99	53961	54059	2.13e-46	183
BrucellaphageBk	BrucellaphageS708	99.988	8093	1	0	1	8093	19697	27789	0.0	14940
BrucellaphageF1	BrucellaphageS708	99.985	6836	1	0	1	6836	2793	9628	0.0	12619
BrucellaphagePr	BrucellaphageS708	99.982	5670	1	0	1	5670	5177	10846	0.0	10466
BrucellaphageR/C	BrucellaphageS708	99.985	33044	5	0	1	33044	4795	37838	0.0	60994
BrucellaphageTb	BrucellaphageFz	100.000	4103	0	0	1	4103	12243	16345	0.0	7577
BrucellaphageWb	BrucellaphageS708	100.000	30793	0	0	1	30793	1564	32356	0.0	56865
BurkholderiaphageBEK	BurkholderiaphageKL3	80.920	870	137	20	51	913	5246	4399	0.0	660
BurkholderiaphageBcep176	BurkholderiaphageKS9	73.899	318	67	15	5	314	18653	18344	7.37e-24	113
BurkholderiaphageBcepMigl	PseudomonasphageF116	78.325	609	108	22	23443	24039	23850	24446	2.63e-100	372
BurkholderiaphageBp-AMP2	BurkholderiaphageBp-AMP1	100.000	3969	0	0	1	3969	27739	31707	0.0	7330
BurkholderiaphageBp-AMP3	BurkholderiaphageBp-AMP1	100.000	1749	0	0	1	1749	29917	31665	0.0	3230
BurkholderiaphageBp-AMP4	BurkholderiaphageBp-AMP1	100.000	7373	0	0	1	7373	16960	9588	0.0	13616
BurkholderiaphageDC1	PseudomonasphageF116	81.349	504	80	13	2753	3249	23850	24346	3.66e-108	398
BurkholderiaphageKL1	Pseudomonasphage73	81.626	1562	252	32	3672	5214	23627	25172	0.0	1262
BurkholderiaphageKS5	BurkholderiaphageKL3	83.479	2978	418	60	5	2953	3018	5950	0.0	2706
BurkholderiaphageST79	StenotrophomonasphageSmp131	94.872	39	2	0	516	554	6134	6172	6.94e-08	62.1
BurkholderiaphagephiE202	BurkholderiaphagephiE12-2	95.571	7632	306	29	65	7680	21784	29399	0.0	12192
BurkholderiaphagephiX216	BurkholderiaphagephiE12-2	99.339	4687	31	0	1	4687	4687	1	0.0	8484
CampylobacterphageCJIE4-1	CampylobacterphageCJIE4-2	99.925	1337	1	0	1	1337	30028	31364	0.0	2464
CampylobacterphageCJIE4-3	CampylobacterphageCJIE4-4	100.000	1989	0	0	1	1989	30697	32685	0.0	3674
CampylobacterphageCJIE4-5	CampylobacterphageCJIE4-2	99.303	7175	47	1	1636	8807	12740	19914	0.0	12970
CampylobacterphageCP220	CampylobacterphageCP8	99.354	1548	10	0	47990	49537	127427	125880	0.0	2804
CampylobacterphageCPt10	CampylobacterphageCP30A	97.220	1547	43	0	27867	29413	41156	39610	0.0	2619
CampylobacterphageIBB35	CampylobacterphageNCTC12673	87.246	541	62	5	8037	8574	116502	115966	3.42e-172	610
Caulobacterphagekarma	Caulobacterphageswift	99.028	35175	319	4	88629	123793	103560	138721	0.0	63040
Caulobacterphagemagneto	Caulobacterphageswift	98.772	20927	245	9	1	20919	28788	49710	0.0	37211
CaulobacterphagephiCbK	Caulobacterphageswift	97.374	51262	1299	33	37053	88294	52183	103417	0.0	87162
Caulobacterphagerogue	Caulobacterphageswift	96.609	3863	98	13	36188	40040	212132	215971	0.0	6377
Cellulophagaphagephi13:1	CellulophagaphagephiST	100.000	500	0	0	1	500	29822	30321	0.0	924
Cellulophagaphagephi13:2	Cellulophagaphagephi19:3	98.670	376	5	0	334	709	70247	70622	0.0	667
Cellulophagaphagephi14:2	Cellulophagaphagephi4:1	95.320	2863	133	1	42427	45289	61995	64856	0.0	4543
Cellulophagaphagephi17:2	Cellulophagaphagephi4:1	100.000	764	0	0	1	764	141692	142455	0.0	1411
Cellulophagaphagephi18:1	Cellulophagaphagephi18:2	100.000	5388	0	0	1	5388	30779	36166	0.0	9950
Cellulophagaphagephi18:3	Cellulophagaphagephi19:3	97.755	7662	169	3	2908	10567	43263	50923	0.0	13193
Cellulophagaphagephi18:4	Cellulophagaphagephi12a:1	97.878	2922	62	0	1	2922	3172	6093	0.0	5053
Cellulophagaphagephi19:2	CellulophagaphagephiST	99.978	23015	0	5	1	23012	51698	74710	0.0	42468
Cellulophagaphagephi38:2	Cellulophagaphagephi3ST:2	99.984	6105	1	0	1	6105	15528	21632	0.0	11269
Cellulophagaphagephi3:1	CellulophagaphagephiSM	99.986	7113	0	1	1	7112	45804	52916	0.0	13128
Cellulophagaphagephi40:1	Cellulophagaphagephi4:1	95.109	184	9	0	5280	5463	131044	130861	7.39e-76	291
Cellulophagaphagephi46:3	Cellulophagaphagephi19:3	97.896	7653	160	1	34872	42523	43263	50915	0.0	13239
Cellulophagaphagephi47:1	CellulophagaphagephiSM	99.839	26756	22	4	1	26754	22578	49314	0.0	49151
Cellulophagaphagephi48:1	Cellulophagaphagephi12a:1	96.575	1197	41	0	1	1197	4541	5737	0.0	1984
Chlamydiaphage3	Chlamydiaphage2	96.583	1522	39	2	1	1511	2347	3866	0.0	2510
Chlamydiaphage4	Chlamydiaphage2	92.515	855	59	4	3	854	3264	4116	0.0	1219
CitrobacterphageCR8	EnterobacteriaphageK1F	72.902	2336	508	101	3754	6040	22301	24560	0.0	691
CitrobacterphageStevie	EscherichiaphageTls	94.499	19106	998	41	1852	20923	12682	31768	0.0	29410
ClostridiumphageCDMH1	ClostridiumphagephiC2	87.519	5953	671	57	738	6644	15297	21223	0.0	6811
ClostridiumphagephiCD119	ClostridiumphagephiMMP02	98.162	653	12	0	2734	3386	34551	35203	0.0	1140
ClostridiumphagephiCD146	ClostridiumphagephiCD111	90.952	4266	371	13	379	4638	428	4684	0.0	5725
ClostridiumphagephiCD24-1	ClostridiumphagephiCD111	86.619	1121	141	7	2105	3223	24014	25127	0.0	1230
ClostridiumphagephiCD27	ClostridiumphagephiMMP02	100.000	129	0	0	1	129	47748	47876	6.25e-63	239
ClostridiumphagephiCD505	ClostridiumphagephiMMP02	97.268	5820	153	6	1	5817	5294	11110	0.0	9862
ClostridiumphagephiCD6356	ClostridiumphagephiCD506	85.714	266	27	9	18	278	31053	31312	5.31e-72	270
ClostridiumphagephiCDHM14	ClostridiumphagephiCDHM13	99.528	2330	5	6	1	2326	30841	33168	0.0	4237
ClostridiumphagephiCDHM19	ClostridiumphagephiC2	98.232	1018	18	0	1	1018	54465	55482	0.0	1781
ClostridiumphagephiCP39-O	ClostridiumphagephiCP26F	96.152	11643	428	20	998	12631	13068	24699	0.0	19001
ClostridiumphagephiCP7R	ClostridiumphagephiCPV4	96.831	852	26	1	1	852	12586	13436	0.0	1423
ClostridiumphagephiCT19406A	ClostridiumphagephiCT453B	98.998	499	5	0	2905	3403	10982	11480	0.0	894
ClostridiumphagephiCT453A	ClostridiumphagephiCT19406B	98.630	146	1	1	3258	3403	12684	12828	1.65e-66	257
ClostridiumphagephiCT9441A	ClostridiumphagephiCT453B	94.852	1185	37	12	4727	5890	5962	7143	0.0	1829
ClostridiumphagephiCTC2B	ClostridiumphagephiCT19406B	99.966	14508	5	0	1	14508	4624	19131	0.0	26764
ClostridiumphagephiMMP01	ClostridiumphagephiMMP02	93.930	972	48	9	1514	2476	37510	38479	0.0	1458
ClostridiumphagephiMMP04	ClostridiumphagephiCD481-1	91.713	1629	132	3	387	2014	30911	32537	0.0	2257
ClostridiumphagephiZP2	ClostridiumphagephiCPV4	95.942	764	31	0	3	766	5932	6695	0.0	1240
CronobacterphageCR3	PectobacteriumphagephiTE	87.314	1482	181	7	837	2315	62463	63940	0.0	1688
CronobacterphageCR8	PectobacteriumphagephiTE	85.957	3354	461	9	9239	12587	86860	90208	0.0	3576
CronobacterphageDev2	EnterobacteriaphageK1F	77.211	2194	435	53	1	2172	22408	24558	0.0	1221
CronobacterphageS13	SalmonellaphageSTML-198	74.375	960	211	29	626	1568	137822	136881	1.45e-101	377
CronobacterphagevBCsaMGAP161	EnterobacteriaphageRB16	88.668	14093	1466	100	30501	44531	124611	138634	0.0	17056
CronobacterphagevBCsaMGAP31	SalmonellaphageSSE-121	85.491	8891	1174	96	12814	21642	5107	13943	0.0	9166
CronobacterphagevBCskPGAP227	Yersiniaphagephi80-18	73.237	1106	259	36	1746	2833	7074	8160	5.41e-100	368
Cyanophage9515-10a	CyanophageNATL2A-133	92.156	3850	264	29	1874	5708	21696	25522	0.0	5402
CyanophageP-SSP2	SynechococcusphageS-CAM8	74.294	1027	243	20	2379	3394	157579	158595	3.37e-114	414
CyanophageP-TIM40	Synechococcusphagesyn9	73.868	2629	577	86	27678	30257	156483	159050	0.0	948
DelftiaphageRG-2014	AchromobacterphageJWAlpha	71.051	1361	342	45	1759	3093	33345	34679	3.21e-74	283
DickeyaphageLimestone	DickeyaphageRC-2014	99.746	52813	131	3	1	52813	17809	70618	0.0	96782
DinoroseobacterphageDFL12phi1	SilicibacterphageDSS3phi2	83.387	2486	380	28	21467	23937	36023	33556	0.0	2272
DinoroseobacterphagevBDshPR2C	SilicibacterphageDSS3phi2	79.648	3749	620	105	2419	6107	58099	61764	0.0	2564
EdwardsiellaphagePEi21	EdwardsiellaphageMSW-3	92.607	5532	398	9	3033	8559	13136	18661	0.0	7939
EnterobacterialphagemEp213	EnterobacteriaphageHK544	98.391	2175	35	0	404	2578	23376	25550	0.0	3823
EnterobacterialphagemEp234	EnterobacteriaphageHK542	100.000	85	0	0	1	85	38870	38954	1.05e-38	158
Enterobacteriaphage186	EnterobacteriaphagefiAA91-ss	76.877	2837	580	68	342	3137	17817	20618	0.0	1535
Enterobacteriaphage4MG	SalmonellaphageSSE-121	75.583	1757	407	19	2283	4026	101591	99844	0.0	848
Enterobacteriaphage9g	EnterobacteriaphageJenP2	89.836	18261	1703	121	3176	21373	1	18171	0.0	23298
EnterobacteriaphageBZ13	EnterobacteriaphageGA	86.667	2220	260	20	19	2230	702	2893	0.0	2427
EnterobacteriaphageBp4	EscherichiaphageEC1-UPM	95.221	6989	324	9	4863	11846	27527	20544	0.0	11047
EnterobacteriaphageBp7	EscherichiaphageECML-134	77.673	1478	305	20	6649	8115	162541	161078	0.0	878
EnterobacteriaphageChi	SalmonellaphageChi	100.000	6191	0	0	1	6191	29643	35833	0.0	11433
EnterobacteriaphageDE3	EnterobacteriaphageHK630	100.000	944	0	0	6	949	25916	26859	0.0	1744
EnterobacteriaphageDT571/2	EnterobacteriaphageDT57C	98.173	23591	402	23	500	24076	48242	71817	0.0	41150
EnterobacteriaphageEcoDS1	EnterobacteriaphageK1F	92.742	3224	196	29	1	3215	9403	12597	0.0	4623
EnterobacteriaphageFL68Tallahassee/FL/2012	EnterobacteriaphageFL76Tallahassee/FL/2012	100.000	330	0	0	1	330	4039	4368	3.32e-174	610
EnterobacteriaphageHK022	EnterobacteriaphageHK446	99.476	191	1	0	1	191	14643	14833	1.57e-95	348
EnterobacteriaphageHK106	EnterobacteriaphageHK446	99.031	516	5	0	656	1171	37972	38487	0.0	926
EnterobacteriaphageHK140	Enterobacteriaphagelambda	98.015	403	8	0	1	403	39230	39632	0.0	701
EnterobacteriaphageHX01	EscherichiacoliO157typingphage6	96.558	21443	710	24	45017	66448	64961	43536	0.0	35484
EnterobacteriaphageID1	EnterobacteriaphageWA10	96.416	1674	60	0	1	1674	3141	4814	0.0	2760
EnterobacteriaphageID204Moscow/ID	EnterobacteriaphageID2Moscow/ID/2001	96.521	2213	75	2	1	2212	1705	3916	0.0	3659
EnterobacteriaphageID45	EnterobacteriaphageNC5	97.887	1609	34	0	9	1617	444	2052	0.0	2784
EnterobacteriaphageID52	EnterobacteriaphageWA5	96.694	242	8	0	1	242	5017	5258	4.35e-112	403
EnterobacteriaphageIME10	SalmonellaphageSPN9CC	86.546	3040	379	24	1	3025	24007	27031	0.0	3321
EnterobacteriaphageIke	Enterobacteriaphagefd	81.250	128	15	7	12	132	5626	5751	1.69e-19	95.3
EnterobacteriaphageJS98	EnterobacteriaphagevBEcoMVR20	76.905	11617	2489	166	62955	74471	74467	85989	0.0	6410
EnterobacteriaphageJenK1	EnterobacteriaphageJenP1	93.821	7348	396	31	824	8126	42917	50251	0.0	11001
EnterobacteriaphageK30	KlebsiellaphageK11	92.204	7645	579	13	18442	26076	26195	33832	0.0	10800
EnterobacteriaphageKU1	EnterobacteriaphageGA	82.396	551	88	9	7	552	772	1318	2.82e-132	472
EnterobacteriaphageM13	Enterobacteriaphagefd	95.875	3224	132	1	1	3223	2922	6145	0.0	5216
EnterobacteriaphageMS2	EnterobacteriophageMS2	99.925	1325	1	0	1	1325	608	1932	0.0	2442
EnterobacteriaphageMu	EscherichiaphageD108	97.967	21494	434	3	1	21494	11336	32826	0.0	37268
EnterobacteriaphageNC1	EnterobacteriaphageNC16	100.000	80	0	0	1	80	5302	5381	5.93e-36	148
EnterobacteriaphageNC11	EnterobacteriaphageID22	100.000	70	0	0	1	70	5281	5350	1.78e-30	130
EnterobacteriaphageNC28	EnterobacteriaphageID32	92.382	2494	185	5	1	2490	772	3264	0.0	3548
EnterobacteriaphageNC3	EnterobacteriaphageID21	98.864	264	3	0	1	264	4546	4809	1.28e-132	472
EnterobacteriaphageNC37	EnterobacteriaphageNC5	100.000	987	0	0	1	987	2399	3385	0.0	1823
EnterobacteriaphageNC51	EnterobacteriaphageWA10	97.981	2278	46	0	1	2278	2113	4390	0.0	3952
EnterobacteriaphageNC56	EnterobacteriaphageNC41	99.144	935	8	0	1	935	3190	4124	0.0	1683
EnterobacteriaphageNC6	EnterobacteriaphageID12	92.598	3553	261	2	1	3552	1741	5292	0.0	5103
EnterobacteriaphageNC7	EnterobacteriaphageNC41	97.039	608	18	0	1	608	4153	4760	0.0	1024
EnterobacteriaphageP2	EnterobacteriaphagefiAA91-ss	96.525	11222	384	6	1	11219	536	11754	0.0	18558
EnterobacteriaphageP22	Salmonellaphageepsilon34	84.594	727	97	13	8	728	11708	12425	0.0	708
EnterobacteriaphagePR5	EnterobacteriaphagePR772	99.081	2068	19	0	1	2068	8069	10136	0.0	3714
EnterobacteriaphagePRD1	EnterobacteriaphageL17	97.109	7955	221	5	1	7955	4273	12218	0.0	13407
EnterobacteriaphagePhi1	SalmonellaphageSTML-198	79.877	815	152	11	13461	14269	136858	137666	9.72e-165	586
EnterobacteriaphagePsP3	VibriophageVPUSM8	90.909	44	2	2	424	466	11210	11252	4.30e-07	58.4
EnterobacteriaphageRB27	EscherichiaphagewV7	96.073	35324	1353	17	69040	104349	93227	128530	0.0	57516
EnterobacteriaphageRB3	EnterobacteriaphageRB5	100.000	39550	0	0	1	39550	68405	107954	0.0	73036
EnterobacteriaphageRB32	EscherichiaphageHY01	95.718	57869	2384	66	19408	77215	73694	131529	0.0	93050
EnterobacteriaphageRB55	YersiniaphagePST	97.174	19743	556	2	71283	91024	77015	96756	0.0	33366
EnterobacteriaphageST104	SalmonellaphageST160	97.716	9499	210	6	3187	12681	22439	31934	0.0	16332
EnterobacteriaphageSf101	EnterobacteriaphageHK544	96.855	3339	98	7	6588	9923	23159	26493	0.0	5578
EnterobacteriaphageSt-1	Enterobacteriaphagealpha3	97.647	85	2	0	1	85	5701	5785	2.28e-35	147
EnterobacteriaphageT1	ShigellaphagepSf-2	90.638	2179	192	10	22	2193	2174	1	0.0	2883
EnterobacteriaphageT3	EnterobacteriaphageT7M	99.907	19376	6	5	1	19372	9152	28519	0.0	35671
EnterobacteriaphageUABPhi87	SalmonellaphageFO1a	96.551	21395	711	12	50478	71869	51454	30084	0.0	35395
EnterobacteriaphageWA13	EnterobacteriaphageID32	100.000	189	0	0	1	189	1917	2105	4.31e-96	350
EnterobacteriaphageWA14	EnterobacteriaphageID18	98.736	554	7	0	1	554	4612	5165	0.0	985
EnterobacteriaphageWA45	EnterobacteriaphageID32	93.676	1613	101	1	1	1613	3976	5587	0.0	2412
EnterobacteriaphageWA6	EnterobacteriaphageNC2	98.808	671	8	0	4	674	3173	3843	0.0	1195
Enterobacteriaphagef1	Enterobacteriaphagefd	95.698	2255	96	1	1	2254	3054	5308	0.0	3626
Enterobacteriaphageime09	EscherichiaphageHY01	98.110	3440	65	0	1	3440	92128	95567	0.0	5993
EnterobacteriaphagemEp043c-1	SalmonellaphageHK620	97.235	217	6	0	1	217	14387	14603	1.39e-101	368
EnterobacteriaphagemEp235	EnterobacteriaphageHK633	98.562	4867	70	0	1	4867	14882	19748	0.0	8600
EnterobacteriaphagemEp237	EnterobacteriaphageHK225	93.955	397	24	0	4825	5221	43546	43942	3.84e-170	601
EnterobacteriaphagemEp460	Escherichiaphage1720a-02	95.134	4973	219	15	10222	15178	40361	35396	0.0	7821
EnterobacteriaphagemEpX1	EnterobacteriaphageHK630	95.816	478	20	0	661	1138	39392	39869	0.0	773
EnterobacteriaphagemEpX2	EnterobacteriaphageHK446	98.472	5564	79	4	6659	12218	14016	19577	0.0	9799
EnterobacteriaphagephiJLA23	EscherichiaphagebVEcoSAHP42	99.647	6802	24	0	20520	27321	33470	26669	0.0	12429
EnterobacteriaphagephiX174	EnterobacteriaphageWA10	98.113	318	6	0	1	318	4574	4891	1.52e-157	555
EnterobacteriaphagevBEcoM-FV3	EscherichiacoliO157typingphage5	95.099	23751	1106	37	16697	40409	59949	83679	0.0	37358
EnterobacteriaphagevBEcoMVR25	EnterobacteriaphagevBEcoM-VR7	97.230	9638	218	7	4352	13985	5510	15102	0.0	16273
EnterobacteriaphagevBEcoMVR26	EnterobacteriaphagevBEcoM-VR7	96.452	15276	516	12	104276	119533	114029	129296	0.0	25183
EnterobacteriaphagevBEcoMVR5	EnterobacteriaphagevBEcoMVR20	77.161	11625	2448	181	52401	63920	74467	85989	0.0	6567
EnterobacteriaphagevBEcoSACG-M12	EscherichiaphageRtp	78.733	3235	631	50	1511	4716	40541	43747	0.0	2109
EnterobacteriophagephiKP26	EscherichiaphagebVEcoSAHS24	95.631	4807	200	8	8378	13177	16185	20988	0.0	7705
EnterobacterphageE-3	YersiniaphagephiYeO3-12	92.486	905	64	4	4	906	31014	30112	0.0	1291
EnterobacterphageE-4	EnterobacterphageE-2	100.000	303	0	0	1	303	35690	35992	3.09e-159	560
EnterobacterphageEcP1	SalmonellaphageFSLSP-076	77.358	212	39	7	1929	2134	28766	28974	1.80e-24	117
EnterococcusphageEFC-1	EnterococcusphagephiFL2A	90.280	535	47	5	805	1337	10414	10945	0.0	695
EnterococcusphageEFRM31	EnterococcusphageIME-EF4	99.784	3247	7	0	1	3247	36410	33164	0.0	5958
EnterococcusphageEfaCPT1	EnterococcusphageIMEEF3	87.340	3602	400	49	2	3572	33820	37396	0.0	4074
EnterococcusphageIMEEF1	EnterococcusphageSAP6	94.701	5152	266	5	1	5146	30224	35374	0.0	7995
EnterococcusphageVD13	EnterococcusphageSAP6	92.590	4440	307	20	11010	15435	34879	30448	0.0	6357
EnterococcusphagephiEF24C	EnterococcusphagephiEF24C-P2	100.000	10545	0	0	1	10545	89642	100186	0.0	19474
EnterococcusphagephiEf11	EnterococcusphagephiFL2A	95.587	1133	46	4	30587	31717	10172	11302	0.0	1812
EnterococcusphagephiFL1B	EnterococcusphagephiFL1A	100.000	7947	0	0	1	7947	25706	33652	0.0	14676
EnterococcusphagephiFL1C	EnterococcusphagephiFL1A	99.678	18001	11	19	1	17964	14430	32420	0.0	32877
ErwiniaphageEa9-2	EnterobacterphageIME11	79.967	1228	209	22	22849	24071	8649	7454	0.0	870
ErwiniaphagephiEa100	ErwiniaamylovoraphageEra103	99.030	24851	222	2	1	24832	15004	39854	0.0	44538
ErwiniaphagephiEa104	ErwiniaphagephiEa21-4	98.637	1247	17	0	1	1247	73279	74525	0.0	2209
ErwiniaphagephiEa1H	ErwiniaamylovoraphageEra103	99.330	16556	92	2	13296	29832	13642	30197	0.0	29940
ErwiniaphagephiEa2809	SalmonellaphageSKML-39	80.394	1423	241	34	99991	101394	25482	24079	0.0	1048
ErwiniaphagephiEaH2	SalmonellaphageSPN3US	82.047	4406	730	54	2866	7240	67924	72299	0.0	3698
ErwiniaphagevBEamM-M7	ErwiniaphagephiEa21-4	87.364	51814	6182	313	1	51618	32932	84576	0.0	59075
EscherichiaStx1convertingphage	EscherichiaStx1-convertingrecombinantphageHUN/2013	100.000	972	0	0	1	972	43295	44266	0.0	1796
EscherichiacoliO157typingphage1	EscherichiacoliO157typingphage12	98.736	3717	47	0	1	3717	57340	61056	0.0	6604
EscherichiacoliO157typingphage10	EscherichiaphagephiV10	100.000	31603	0	0	1	31603	31603	1	0.0	58360
EscherichiacoliO157typingphage11	EscherichiacoliO157typingphage12	100.000	7845	0	0	1	7845	51259	43415	0.0	14488
EscherichiacoliO157typingphage3	EnterobacteriaphageT4	80.100	13020	2371	175	32007	44914	106498	93587	0.0	9487
Escherichiaphage121Q	EnterobacteriaphagevBKleM-RaK2	73.081	11349	2683	313	46085	57245	52462	63626	0.0	3690
Escherichiaphage2JES-2013	EscherichiacoliO157typingphage5	97.862	22128	469	4	9957	32083	55393	77517	0.0	38239
EscherichiaphageADB-2	ShigellaphagepSf-2	92.030	1719	129	7	1	1715	17019	15305	0.0	2409
EscherichiaphageAkfv33	EnterobacteriaphageDT57C	95.313	15553	712	11	27030	42569	53793	69341	0.0	24666
EscherichiaphageCICC80001	EnterobacteriaphageT7	90.294	1257	110	9	1	1253	2278	3526	0.0	1635
EscherichiaphageCba120	SalmonellaphageSFP10	97.024	25135	725	17	14105	39226	99359	124483	0.0	42250
EscherichiaphageEC6	EscherichiacoliO157typingphage12	95.381	7923	366	0	4189	12111	71213	63291	0.0	12604
EscherichiaphageECBP1	EscherichiaphagevBEcoPPhAPEC7	89.970	658	57	7	3	651	33643	34300	0.0	841
EscherichiaphageECBP2	EnterobacteriaphagePhieco32	82.690	7620	1214	88	1022	8584	3817	11388	0.0	6667
EscherichiaphageECML-4	SalmonellaphageMarshall	97.466	7498	186	3	1	7496	26078	33573	0.0	12791
EscherichiaphageEps7	YersiniaphagephiR201	85.359	4911	682	36	12017	16906	49832	54726	0.0	5051
EscherichiaphageJH2	EscherichiaphagevBEcoM-VpaE1	94.673	9761	480	16	1	9758	71160	61437	0.0	15108
EscherichiaphageK1-ind(1)	EscherichiaphageK1-dep(4)	91.710	3486	285	4	1	3483	2394	5878	0.0	4833
EscherichiaphageK1-ind(2)	EscherichiaphageK1-ind(3)	100.000	4021	0	0	1	4021	39180	43200	0.0	7426
EscherichiaphageKBNP1711	Escherichiaphage172-1	79.371	5851	1047	118	121	5890	34241	40012	0.0	3971
EscherichiaphageP694	EscherichiaphageP483	90.352	4457	366	44	10	4427	17214	12783	0.0	5790
EscherichiaphagePE3-1	EnterobacteriaphageK1F	94.254	6196	325	12	1041	7212	15978	22166	0.0	9441
EscherichiaphageT5	EnterobacteriaphageDT57C	95.739	11288	473	8	10034	21317	58058	69341	0.0	18173
EscherichiaphageTL-2011b	EscherichiaphagephiV10	88.889	936	104	0	936	1871	20543	21478	0.0	1153
EscherichiaphageTL-2011c	EnterobacteriaphageVT2-Sakai	98.724	6816	85	2	3030	9844	49703	56517	0.0	12104
EscherichiaphagebVEcoSAHP24	EscherichiaphagebVEcoSAHS24	99.798	7924	16	0	1	7924	35800	43723	0.0	14545
EscherichiaphagebVEcoSAKS96	EscherichiaphagebVEcoSAHP42	99.126	14637	122	6	1	14634	27607	42240	0.0	26315
Escherichiaphagee11/2	EscherichiaphageECML-134	96.252	10086	346	13	10499	20562	40607	50682	0.0	16502
Escherichiaphagee4/1c	EscherichiaphagebVEcoSAHP42	87.494	2119	205	49	1514	3602	40667	42755	0.0	2390
EscherichiaphagephAPEC8	SalmonellaphageFSLSP-058	95.062	81	4	0	319	399	66876	66956	1.80e-27	128
Escherichiaphagephi191	Enterobacteriaphage933W	99.571	4195	7	11	1	4190	36004	31816	0.0	7637
EscherichiaphagevBEcoMAYO145A	EscherichiaphagevBEcoM-VpaE1	94.353	7668	409	19	1	7656	44379	52034	0.0	11740
EscherichiaphagevBEcoMECO1230-10	EscherichiaphagevBEcoM-ep3	91.399	2151	175	8	4943	7089	7864	5720	0.0	2939
EscherichiaphagevBEcoMFFH2	EscherichiacoliO157typingphage5	97.440	17462	435	8	1075	18526	60061	77520	0.0	29759
EscherichiaphagevBEcoMJS09	EscherichiacoliO157typingphage6	96.770	6626	209	5	23933	30556	75064	68442	0.0	11045
EscherichiaphagevBEcoMPhAPEC2	EscherichiacoliO157typingphage6	95.570	18060	729	59	53229	71257	103512	121531	0.0	28853
EscherichiaphagevBEcoPPhAPEC5	EscherichiaphagevBEcoPPhAPEC7	95.104	16932	823	5	40635	57563	44094	61022	0.0	26670
EscherichiaphagevBEcoSFFH1	EnterobacteriaphageDT57C	95.421	7097	320	5	1	7094	62254	69348	0.0	11300
GordoniaphageGRU1	GordoniaphageGTE5	94.012	10705	626	10	3619	14317	5331	16026	0.0	16203
GordoniaphageGmala1	GordoniaphageGordTnk2	95.553	15965	611	46	1	15923	47816	63723	0.0	25457
GordoniaphageGordDuk1	GordoniaphageGordTnk2	96.089	6187	225	12	1	6171	37106	43291	0.0	10069
HaemophilusphageHP2	HaemophilusphageHP1	93.557	2592	153	9	1843	4428	28570	31153	0.0	3849
HelicobacterphageKHP30	HelicobacterphageKHP40	92.788	2177	149	4	1	2169	17183	19359	0.0	3144
HelicobacterphagephiHP33	HelicobacterphageKHP40	84.940	1255	158	19	2592	3824	13419	14664	0.0	1242
Idiomarinaceaephage1N2-2	IdiomarinaceaephagePhi1M2-2	94.444	36	2	0	3283	3318	23041	23076	2.42e-06	56.5
KlebsiellaphageJD001	KlebsiellaphageKpn112	99.705	12882	38	0	1	12882	8371	21252	0.0	23579
KlebsiellaphageKP27	KlebsiellaphageKP15	98.885	31384	336	8	4087	35464	92299	123674	0.0	56004
KlebsiellaphageNTUH-K2044-K1-1	KlebsiellaphagevBKpnPSU503	91.201	1932	167	3	1456	3385	37458	39388	0.0	2623
KlebsiellaphagephiKO2	EnterobacteriaphageN15	82.480	7106	1149	78	16323	23382	29619	36674	0.0	6137
LactobacillusphageATCC8014-B2	Lactobacillusphagephijl1	100.000	33	0	0	2568	2600	36641	36673	2.32e-07	62.1
LactobacillusphageLb338-1	LactobacillusphageLc-Nu	77.317	1036	224	10	24949	25977	19780	20811	2.90e-169	601
LactobacillusphageLd25A	LactobacillusphageLd17	90.298	1041	95	3	1	1035	16257	17297	0.0	1358
LactobacillusphagePL-1	LactobacillusphageLc-Nu	96.737	429	14	0	104	532	18619	19047	0.0	715
Lactobacillusphagec5	LactobacillusphageLd17	89.707	1195	89	8	253	1430	28989	30166	0.0	1495
LactobacillusphagephiJB	LactobacillusphageLL-H	86.508	4840	616	27	3835	8653	11458	16281	0.0	5286
LactobacillusphagephiPYB5	LactobacillusphageLF1	80.175	1826	324	25	3858	5664	22060	23866	0.0	1332
LactococcusPhageASCC191	LactococcuslactisphageP113G	87.954	2009	217	19	28	2023	24126	26122	0.0	2346
LactococcusPhageASCC273	LactococcusPhageASCC395	100.000	5598	0	0	1	5598	17740	23337	0.0	10338
LactococcusPhageASCC284	LactococcusPhageASCC310	96.942	1537	31	11	1810	3343	29267	30790	0.0	2564
LactococcusPhageASCC324	LactococcusPhageASCC337	99.962	15841	6	0	1	15841	6330	22170	0.0	29220
LactococcusPhageASCC368	LactococcusPhageASCC527	99.990	9965	1	0	1	9965	17514	27478	0.0	18397
LactococcusPhageASCC406	LactococcusPhageASCC395	100.000	9574	0	0	1	9574	14286	23859	0.0	17680
LactococcusPhageASCC454	LactococcusPhageASCC287	99.970	9849	3	0	1	9849	7033	16881	0.0	18172
LactococcusPhageASCC476	LactococcusPhageASCC460	99.985	26403	4	0	1	26403	2888	29290	0.0	48736
LactococcusPhageASCC502	LactococcusPhageASCC287	100.000	3119	0	0	1	3119	19724	22842	0.0	5760
LactococcusPhageASCC531	LactococcusPhageASCC465	99.984	25173	2	2	1	25172	2421	27592	0.0	46462
LactococcusPhageASCC532	LactococcusPhageASCC356	99.537	2807	12	1	2895	5700	23206	26012	0.0	5110
Lactococcuslactisphage645	LactococcusphagebIBB29	97.021	2853	85	0	1	2853	15100	17952	0.0	4798
LactococcuslactisphageP475	LactococcusPhageASCC473	88.660	4374	448	34	3336	7695	24014	28353	0.0	5286
Lactococcusphage340	LactococcuslactisphageP113G	98.466	2086	32	0	1	2086	17088	19173	0.0	3675
Lactococcusphage712	Lactococcusphagephi15	89.028	4238	452	11	1060	5288	14851	19084	0.0	5238
Lactococcusphage949	LactococcusphagephiL47	92.502	17925	1270	48	54516	72407	105342	123225	0.0	25588
LactococcusphageBK5-T	LactococcusphageP335	96.176	1543	59	0	15061	16603	2813	4355	0.0	2523
LactococcusphageCB19	LactococcusphageCB14	98.501	7605	114	0	2689	10293	12860	20464	0.0	13413
LactococcusphageCB20	LactococcusPhageASCC287	89.497	8693	871	29	1	8679	9692	18356	0.0	10957
LactococcusphageP078	LactococcusphageP162	96.063	8331	323	2	8250	16576	33635	41964	0.0	13562
LactococcusphageP118	LactococcusphageP092	97.316	14682	389	5	512	15190	3432	18111	0.0	24925
LactococcusphageP680	LactococcusphageP008	96.086	3705	143	2	1	3704	13289	16992	0.0	6037
LactococcusphageQ33	Lactococcusphageul36.k1	100.000	35	0	0	139	173	21846	21880	2.71e-09	65.8
LactococcusphageSK1833	LactococcusphageSK1	100.000	2051	0	0	1	2051	26127	28177	0.0	3788
LactococcusphageSL4	Lactococcusphagephi93	94.034	6789	402	3	1	6788	3447	10233	0.0	10290
LactococcusphageTuc2009	LactococcusphagephiLC3	94.790	691	33	1	1	688	29794	30484	0.0	1074
LactococcusphageWRP3	LactococcusphagephiL47	92.248	10023	704	58	38603	48594	59905	69885	0.0	14137
LactococcusphagebIL170	LactococcuslactisphageP113G	95.240	7311	314	22	45	7330	11589	18890	0.0	11542
LactococcusphagebIL286	LactococcusphagephiL47	89.051	1717	175	10	10337	12043	94428	92715	0.0	2117
Lactococcusphagefd13	Lactococcusphagephi93	94.700	3396	177	3	1	3394	5923	9317	0.0	5271
Lactococcusphagejm2	Lactococcusphage936	91.954	783	63	0	1	783	20844	21626	0.0	1098
Lactococcusphagephi145	Lactococcusphagephi93	99.943	3515	2	0	1	3515	4166	7680	0.0	6481
Lactococcusphagephismq86	Lactococcusphageul36.t1	100.000	7039	0	0	1	7039	15065	22103	0.0	12999
Lactococcusphager1t	LactococcusphagephiLC3	97.598	2914	70	0	3598	6511	14756	17669	0.0	4994
Lactococcusphageul36.k1t1	Lactococcusphageul36.t1	100.000	11992	0	0	1	11992	12923	24914	0.0	22146
LeuconostocphageP793	LeuconostocphageLmd1	87.863	379	44	2	43	420	25483	25860	4.60e-124	444
LeuconostocphagephiLN04	LeuconostocphageLmd1	96.279	1532	55	2	1	1531	151	1681	0.0	2512
ListeriaphageA006	ListeriaphageA118	98.260	8448	133	9	7642	16082	31376	39816	0.0	14774
ListeriaphageA500	ListeriaphageA118	97.468	79	2	0	3	81	39696	39774	4.70e-32	135
ListeriaphageA511	ListeriaphageWIL-1	97.516	21339	514	8	2191	23518	77755	56422	0.0	36455
ListeriaphageB025	ListeriaphageLP-101	90.366	8761	832	10	3418	12174	3912	12664	0.0	11492
ListeriaphageLMTA-34	ListeriaphageLMSP-25	100.000	5045	0	0	1	5045	131459	136503	0.0	9317
ListeriaphageLP-030-3	ListeriaphageA118	99.025	3486	31	3	1642	5126	24884	28367	0.0	6246
ListeriaphageLP-037	ListeriaphageLP-026	98.695	19077	238	7	21506	40574	3813	22886	0.0	33839
ListeriaphageLP-048	ListeriaphageWIL-1	96.831	22498	693	11	947	23440	24578	2097	0.0	37578
ListeriaphageLP-083-2	ListeriaphageLP-064	99.948	11482	4	2	1	11482	26574	38053	0.0	21169
ListeriaphageLP-110	ListeriaphageP70	96.229	25855	946	25	9813	35653	1	25840	0.0	42317
ListeriaphageLP-114	ListeriaphageLP-026	96.575	15154	492	25	12771	27908	41218	56360	0.0	25084
ListeriaphageLP-124	ListeriaphageP100	98.612	19026	257	4	1	19023	47901	66922	0.0	33665
ListeriaphageLP-125	ListeriaphageLP-064	100.000	52952	0	0	1	52952	70712	123663	0.0	97784
ListeriaphageList-36	ListeriaphageP100	98.212	23600	415	6	2229	25823	56369	32772	0.0	41236
ListeriaphagePSA	ListeriaphageLP-101	89.487	1969	198	9	2757	4721	22974	24937	0.0	2481
ListeriaphagevBLmoMAG20	ListeriaphageLMTA-148	98.712	26319	316	8	1	26304	47757	74067	0.0	46702
ListeriaphagevBLmoS293	ListeriaphagevBLmoS188	99.869	3047	2	2	6090	9135	32769	35814	0.0	5603
MannheimiaphagephiMhaA1-BAA410	MannheimiaphagephiMhaA1-PHL101	99.959	4831	2	0	1	4831	23688	28518	0.0	8911
MorganellaphageMmP1	KlebsiellaphageKP32	83.141	433	55	11	19	442	22284	22707	6.53e-104	379
MycobacteriumphageAbrogate	MycobacteriumphagePerseus	97.203	2753	67	8	1515	4259	2382	5132	0.0	4649
MycobacteriumphageAcadian	MycobacteriumphagePhelemich	87.559	21775	2431	216	1	21624	19063	40710	0.0	24947
MycobacteriumphageAlex	MycobacteriumphageBadfish	100.000	75	0	0	1	75	64029	64103	3.26e-33	139
MycobacteriumphageAlma	MycobacteriumphageAdzzy	81.569	2040	348	28	8855	10880	32645	34670	0.0	1659
MycobacteriumphageAlsfro	MycobacteriumphageDD5	94.151	3898	206	17	7008	10900	32991	36871	0.0	5915
MycobacteriumphageAngelica	MycobacteriumphageMurucutumbu	88.920	6092	609	54	4172	10243	32748	38793	0.0	7450
MycobacteriumphageAnnaL29	MycobacteriumphageRedRock	94.771	1836	73	13	1467	3280	47356	49190	0.0	2837
MycobacteriumphageArdmore	MycobacteriumphageBobi	97.455	5500	100	23	1709	7193	25851	31325	0.0	9345
MycobacteriumphageAres	MycobacteriumphageArbiter	99.239	8282	39	9	1	8264	40841	49116	0.0	14923
MycobacteriumphageArturo	MycobacteriumphageMeeZee	97.033	21165	582	34	1541	22678	3912	25057	0.0	35563
MycobacteriumphageAstro	MycobacteriumphageFredward	86.323	563	67	6	1	561	46262	46816	2.71e-172	604
MycobacteriumphageAthena	MycobacteriumphageKamiyu	97.801	34750	714	44	1	34722	26925	61652	0.0	59893
MycobacteriumphageAudrey	MycobacteriumphageHeathcliff	99.166	4794	36	4	1	4792	61871	66662	0.0	8628
MycobacteriumphageAva3	MycobacteriumphageNappy	99.187	38977	300	10	46556	85518	52416	91389	0.0	70205
MycobacteriumphageAvani	MycobacteriumphageJabbawokkie	99.636	3019	11	0	1	3019	27631	30649	0.0	5515
MycobacteriumphageAvrafan	MycobacteriumphageAngel	100.000	239	0	0	1	239	38029	38267	9.01e-124	442
MycobacteriumphageBaka	MycobacteriumphageWanda	99.308	7510	52	0	2008	9517	56024	63533	0.0	13581
MycobacteriumphageBarnyard	MycobacteriumphageKonstantine	81.166	223	36	4	1568	1787	11875	12094	6.01e-41	174
MycobacteriumphageBarrelRoll	MycobacteriumphageMurucutumbu	93.204	103	7	0	1	103	42483	42585	6.33e-37	152
MycobacteriumphageBask21	MycobacteriumphageBruin	97.138	16491	395	42	16231	32679	34458	50913	0.0	27767
MycobacteriumphageBellusTerra	MycobacteriumphageEagle	99.581	3576	15	0	1	3576	25944	29519	0.0	6521
MycobacteriumphageBernardo	MycobacteriumphageAkoma	98.614	13489	128	24	1	13459	3457	16916	0.0	23819
MycobacteriumphageBigNuz	MycobacteriumphageSparky	89.631	839	79	4	1	832	25440	26277	0.0	1061
MycobacteriumphageBipolar	MycobacteriumphageTaj	97.815	9246	194	8	1	9242	8423	17664	0.0	15948
MycobacteriumphageBlue7	MycobacteriumphageEricB	96.552	435	10	4	1	433	50789	51220	0.0	715
MycobacteriumphageBo4	MycobacteriumphageGuo1	99.875	3986	5	0	1	3986	36101	40086	0.0	7334
MycobacteriumphageBrujita	Mycobacteriumphageisland3	100.000	721	0	0	1	721	39410	40130	0.0	1332
MycobacteriumphageBruns	MycobacteriumphageAlvin	97.000	2667	80	0	6689	9355	44243	46909	0.0	4482
MycobacteriumphageButterscotch	MycobacteriumphageAdjutor	99.967	39391	4	1	1	39382	19394	58784	0.0	72661
MycobacteriumphageBxz1	MycobacteriumphageBreeniome	99.677	42742	128	6	3727	46461	49841	92579	0.0	78156
MycobacteriumphageCASbig	MycobacteriumphageAlvin	98.123	4954	93	0	1	4954	10158	5205	0.0	8634
MycobacteriumphageCarcharodon	MycobacteriumphageRedi	86.429	2299	288	18	456	2742	32354	34640	0.0	2495
MycobacteriumphageCatdawg	MycobacteriumphageCorndog	97.906	1958	29	4	1	1948	58523	60478	0.0	3378
MycobacteriumphageCatera	MycobacteriumphageWillis	99.973	11090	3	0	1	11090	138224	149313	0.0	20463
MycobacteriumphageChandler	MycobacteriumphageHeathcliff	98.958	13338	133	2	1	13335	21595	34929	0.0	23856
MycobacteriumphageCharlie	MycobacteriumphageJob42	94.924	1911	97	0	3795	5705	45088	46998	0.0	2992
MycobacteriumphageChe9c	MycobacteriumphageSparky	98.479	4209	63	1	12793	17000	19860	24068	0.0	7417
MycobacteriumphageChe9d	MycobacteriumphageEstave1	91.667	1380	99	12	856	2227	34757	36128	0.0	1897
MycobacteriumphageChy5	MycobacteriumphageChy4	100.000	1486	0	0	1	1486	37431	38916	0.0	2745
MycobacteriumphageCloudWang3	MycobacteriumphageArtemis2UCLA	99.443	9510	41	1	1	9498	28456	37965	0.0	17258
MycobacteriumphageColbert	MycobacteriumphageSigman	98.102	10114	174	16	1511	11614	52012	62117	0.0	17597
MycobacteriumphageCooper	MycobacteriumphageStinger	84.029	6543	792	171	1993	8426	62077	68475	0.0	6059
MycobacteriumphageCrimD	MycobacteriumphageMurucutumbu	96.537	2050	68	3	1	2048	47195	49243	0.0	3389
MycobacteriumphageCuco	MycobacteriumphageConspiracy	86.448	2472	290	36	573	3021	46730	49179	0.0	2667
MycobacteriumphageD29	MycobacteriumphageChy4	97.049	17962	482	44	1	17941	11264	29198	0.0	30190
MycobacteriumphageDNAIII	MycobacteriumphageGuo1	99.944	10722	6	0	1	10722	10858	137	0.0	19767
MycobacteriumphageDandelion	MycobacteriumphageCali	99.002	27849	269	8	1	27846	107298	135140	0.0	49879
MycobacteriumphageDeadP	MycobacteriumphageTaj	99.828	27259	45	2	1	27257	7431	34689	0.0	50076
MycobacteriumphageDhanush	MycobacteriumphageTiroTheta9	99.405	14622	87	0	1	14622	31449	46070	0.0	26520
MycobacteriumphageDonovan	MycobacteriumphageButters	85.906	3420	385	68	1	3373	20542	23911	0.0	3555
MycobacteriumphageDoom	MycobacteriumphageKBG	98.430	5669	82	2	1057	6721	30248	35913	0.0	9969
MycobacteriumphageDotProduct	MycobacteriumphageDLane	95.569	8464	333	28	1	8432	16620	25073	0.0	13514
MycobacteriumphageDrDrey	MycobacteriumphageHenry	99.303	5743	40	0	1	5743	62994	68736	0.0	10384
MycobacteriumphageDreamboat	MycobacteriumphageJasper	99.799	24842	50	0	1	24842	23418	48259	0.0	45598
MycobacteriumphageET08	MycobacteriumphageCali	99.978	22279	5	0	3205	25483	15313	37591	0.0	41114
MycobacteriumphageEchild	MycobacteriumphagePower	94.898	3920	197	3	35	3952	18442	22360	0.0	6128
MycobacteriumphageElph10	MycobacteriumphageCjw1	99.063	15467	122	6	1864	17327	55573	71019	0.0	27737
MycobacteriumphageEmerson	MycobacteriumphageMurucutumbu	88.457	1594	167	15	1391	2978	57524	59106	0.0	1908
MycobacteriumphageEmpTee	MycobacteriumphageNumberten	98.907	47198	429	35	1	47130	15237	62415	0.0	84219
MycobacteriumphageEquemioh13	MycobacteriumphagePower	85.592	5594	681	93	4166	9688	32169	37708	0.0	5749
MycobacteriumphageFaith1	MycobacteriumphageCrossroads	98.671	19194	234	13	1	19181	42065	61250	0.0	34012
MycobacteriumphageFang	MycobacteriumphageFluffyNinja	98.866	3880	37	3	1	3874	47953	51831	0.0	6914
MycobacteriumphageFarber	MycobacteriumphageMethuselah	97.818	8297	132	29	1	8256	28360	36648	0.0	14273
MycobacteriumphageFezzik	MycobacteriumphageCrossroads	74.624	1198	248	46	6177	7345	69182	70352	1.37e-132	477
MycobacteriumphageFirst	MycobacteriumphagePower	89.280	1306	125	14	988	2286	49524	50821	0.0	1622
MycobacteriumphageFlux	MycobacteriumphageMeeZee	99.666	2392	8	0	1	2392	27110	29501	0.0	4373
MycobacteriumphageFruitloop	MycobacteriumphageTweety	97.756	7087	157	2	1	7087	17730	24814	0.0	12205
MycobacteriumphageGUmbie	MycobacteriumphageDrago	94.009	15372	817	75	1	15333	15139	30445	0.0	23189
MycobacteriumphageGadjet	MycobacteriumphageAkoma	98.392	5535	80	6	1	5532	49473	55001	0.0	9720
MycobacteriumphageGadost	MycobacteriumphageHamSlice	99.416	21563	126	0	1	21563	17772	39334	0.0	39122
MycobacteriumphageGraduation	MycobacteriumphageSeabiscuit	97.125	14053	361	25	3	14042	9735	23757	0.0	23673
MycobacteriumphageGumball	MycobacteriumphageAdjutor	98.618	7092	78	9	1	7082	44878	51959	0.0	12536
MycobacteriumphageGyarad	MycobacteriumphageKingVeveve	99.829	3510	6	0	1	3510	47346	50855	0.0	6449
MycobacteriumphageHammer	MycobacteriumphageJeffabunny	98.157	2496	41	5	7	2501	36749	39240	0.0	4349
MycobacteriumphageHamulus	MycobacteriumphageBuzzLyseyear	100.000	492	0	0	1	492	36910	37401	0.0	909
MycobacteriumphageHanShotFirst	MycobacteriumphageLesedi	97.252	13390	354	13	10970	24352	12661	26043	0.0	22676
MycobacteriumphageHedgerow	MycobacteriumphageArbiter	98.261	115	2	0	1	115	65113	65227	7.12e-52	202
MycobacteriumphageHertubise	MycobacteriumphageHarvey	99.414	9209	46	4	1	9202	9030	18237	0.0	16700
MycobacteriumphageHope	MycobacteriumphageBPs	100.000	4086	0	0	1	4086	35000	39085	0.0	7546
MycobacteriumphageHosp	MycobacteriumphageAdawi	77.667	1003	175	39	2701	3678	34915	35893	1.48e-159	566
MycobacteriumphageICleared	MycobacteriumphageTiroTheta9	97.652	10518	211	19	2694	13184	26705	37213	0.0	18022
MycobacteriumphageIbhubesi	MycobacteriumphageDaenerys	93.944	22094	1245	62	1	22039	323	22378	0.0	33301
MycobacteriumphageJC27	MycobacteriumphageMarcell	95.435	19256	790	69	1	19202	8935	28155	0.0	30607
MycobacteriumphageJacAttac	MycobacteriumphageSigman	100.000	1857	0	0	1	1857	10894	12750	0.0	3430
MycobacteriumphageJebeks	MycobacteriumphageBabsiella	93.461	994	57	6	159	1148	42425	43414	0.0	1469
MycobacteriumphageJobu08	MycobacteriumphageWonder	100.000	37	0	0	1	37	48193	48229	1.31e-12	69.4
MycobacteriumphageKampy	MycobacteriumphageTiroTheta9	99.338	1359	9	0	1	1359	46081	47439	0.0	2460
MycobacteriumphageKayaCho	MycobacteriumphageJAMaL	73.262	5064	1090	212	7461	12400	24433	29356	0.0	1607
MycobacteriumphageKeshu	MycobacteriumphagePixie	93.593	19167	1048	121	17	19080	4987	24076	0.0	28426
MycobacteriumphageKugel	MycobacteriumphageMarcell	96.789	15757	458	30	5051	20791	15674	31398	0.0	26251
MycobacteriumphageLHTSCC	MycobacteriumphageObama12	99.933	10428	7	0	1	10428	22532	32959	0.0	19219
MycobacteriumphageLRRHood	MycobacteriumphagePio	99.288	35969	239	6	61100	97054	107511	143476	0.0	64988
MycobacteriumphageLamina13	MycobacteriumphageLesedi	97.577	11679	271	12	3	11675	16347	28019	0.0	19989
MycobacteriumphageLarenn	MycobacteriumphagePower	85.451	5650	687	98	6344	11921	32130	37716	0.0	5755
MycobacteriumphageLarva	MycobacteriumphageKratio	97.440	4648	118	1	218	4864	52142	56789	0.0	7923
MycobacteriumphageLeo	MycobacteriumphageGuo1	99.983	11598	2	0	1	11598	11734	137	0.0	21407
MycobacteriumphageLiefie	MycobacteriumphageGuo1	99.206	1764	14	0	1	1764	1900	137	0.0	3181
MycobacteriumphageLilac	MycobacteriumphageABCat	100.000	101	0	0	1	101	75911	76011	1.69e-47	187
MycobacteriumphageLlama	MycobacteriumphageDaenerys	89.958	6662	589	59	1481	8086	23992	30629	0.0	8523
MycobacteriumphageMalithi	Mycobacteriumphageisland3	98.066	1086	21	0	2465	3550	32063	33148	0.0	1890
MycobacteriumphageMelvin	MycobacteriumphageMedusa	99.189	27978	196	21	1	27954	18016	45986	0.0	50379
MycobacteriumphageMilly	MycobacteriumphageTM4	90.921	6851	547	56	5448	12264	12979	19788	0.0	9136
MycobacteriumphageMoMoMixon	MycobacteriumphageSpud	98.246	10150	150	20	1	10140	33088	43219	0.0	17732
MycobacteriumphageMuseum	MycobacteriumphageAlvin	97.031	2661	79	0	1	2661	43599	46259	0.0	4477
MycobacteriumphageMyrna	MycobacteriumphageSpud	75.341	5126	1031	180	6426	11412	83994	89025	0.0	2248
MycobacteriumphageNacho	MycobacteriumphageBadfish	100.000	1345	0	0	1	1345	67455	68799	0.0	2484
MycobacteriumphageOaker	MycobacteriumphageKonstantine	94.952	7568	328	35	2873	10402	55276	62827	0.0	11810
MycobacteriumphageOline	MycobacteriumphagePipsqueak	98.038	12332	187	15	5443	17753	51611	63908	0.0	21381
MycobacteriumphageOmnicron	MycobacteriumphageKratio	83.703	9051	1253	158	2812	11776	37836	46750	0.0	8338
MycobacteriumphageOptimus	MycobacteriumphageWanda	98.906	6579	62	7	31969	38542	87793	94366	0.0	11742
MycobacteriumphageOrion	MycobacteriumphageChah	99.919	12397	10	0	1	12397	17758	30154	0.0	22838
MycobacteriumphagePBI1	MycobacteriumphageAdjutor	99.867	27055	27	2	1	27046	5626	32680	0.0	49753
MycobacteriumphagePacc40	MycobacteriumphageDorothy	98.979	13809	116	14	5181	18969	12491	26294	0.0	24696
MycobacteriumphagePattyP	MycobacteriumphageBBPiebs31	88.007	1626	169	20	68	1677	38941	40556	0.0	1899
MycobacteriumphagePeaches	MycobacteriumphageHamSlice	99.288	16848	118	2	1	16847	17784	34630	0.0	30446
MycobacteriumphagePhaedrus	MycobacteriumphageHeathcliff	96.903	1453	45	0	1	1453	45588	47040	0.0	2435
MycobacteriumphagePhatBacter	MycobacteriumphageHufflyPuff	99.791	24349	51	0	1	24349	14583	38931	0.0	44682
MycobacteriumphagePhoxy	MycobacteriumphageWonder	94.711	813	16	6	1	812	47273	48059	0.0	1238
MycobacteriumphagePhrostyMug	MycobacteriumphagePerseus	95.143	8359	325	60	1665	9977	32094	40417	0.0	13112
MycobacteriumphagePhrux	MycobacteriumphageHenry	99.275	138	1	0	1	138	74998	75135	3.13e-66	250
MycobacteriumphagePiglet	MycobacteriumphageThreeOh3D2	99.617	9149	34	1	1	9148	53161	62309	0.0	16700
MycobacteriumphagePleione	MycobacteriumphageSpud	98.918	53882	474	41	22304	76170	35342	89129	0.0	96170
MycobacteriumphagePredator	MycobacteriumphageKonstantine	80.675	1956	358	19	16903	18848	46904	48849	0.0	1500
MycobacteriumphagePukovnik	MycobacteriumphageOdin	81.921	177	21	7	638	804	50386	50561	9.79e-32	139
MycobacteriumphagePumpkin	MycobacteriumphageCjw1	99.445	23595	117	7	12014	35605	36200	59783	0.0	42834
MycobacteriumphageQuink	MycobacteriumphageCjw1	99.876	23441	28	1	1	23440	11748	35188	0.0	43125
MycobacteriumphageRakim	MycobacteriumphageBruin	99.446	6495	34	2	5089	11582	51276	57769	0.0	11793
MycobacteriumphageRamsey	MycobacteriumphageMutaforma13	96.162	2814	105	3	2284	5096	46475	49286	0.0	4595
MycobacteriumphageRedno2	MycobacteriumphageOmega	95.461	3371	123	25	3226	6574	102519	105881	0.0	5350
MycobacteriumphageReprobate	MycobacteriumphagePhelemich	99.985	19486	3	0	1	19486	45467	64952	0.0	35968
MycobacteriumphageRidgeCB	MycobacteriumphageJasper	97.636	4526	105	2	644	5168	3921	8445	0.0	7764
MycobacteriumphageRizal	MycobacteriumphageWillis	99.307	19336	127	4	1	19334	31304	50634	0.0	34958
MycobacteriumphageRonRayGun	MycobacteriumphageBernal13	99.962	15794	6	0	1	15794	14164	29957	0.0	29133
MycobacteriumphageRosebush	MycobacteriumphageArbiter	99.202	54533	359	27	1	54481	7838	62346	0.0	98224
MycobacteriumphageSDcharge11	MycobacteriumphageSoto	98.953	16708	136	29	1	16685	45869	62560	0.0	29848
MycobacteriumphageSG4	MycobacteriumphageBobi	97.199	7853	220	0	1	7853	15976	23828	0.0	13284
MycobacteriumphageSaintus	MycobacteriumphageFredward	97.298	10510	280	4	1	10508	10709	21216	0.0	17832
MycobacteriumphageSarfire	MycobacteriumphageBethlehem	92.958	2116	122	21	1	2103	45766	47867	0.0	3057
MycobacteriumphageSargentShorty9	MycobacteriumphageAeneas	99.053	21235	193	7	1	21233	10309	31537	0.0	38093
MycobacteriumphageSbash	Mycobacteriumphageisland3	81.549	5360	863	96	1286	6581	5379	10676	0.0	4303
MycobacteriumphageScoot17C	MycobacteriumphageChah	99.666	40998	134	1	1	40995	19128	60125	0.0	74947
MycobacteriumphageScottMcG	MycobacteriumphageSpud	99.639	26340	88	6	17072	43407	51391	77727	0.0	48108
MycobacteriumphageSerendipity	MycobacteriumphageBadfish	100.000	1091	0	0	1	1091	67614	68704	0.0	2015
MycobacteriumphageSerpentine	MycobacteriumphageNumberten	99.919	2484	2	0	1	2484	61892	64375	0.0	4577
MycobacteriumphageSeverus	MycobacteriumphageRebeuca	86.449	5291	613	83	4059	9297	29248	34486	0.0	5703
MycobacteriumphageShauna1	MycobacteriumphageTaj	97.874	11242	223	13	1	11236	3107	14338	0.0	19422
MycobacteriumphageShiVal	MycobacteriumphageNumberten	99.327	20362	125	5	1	20358	28475	48828	0.0	36832
MycobacteriumphageShrimp	MycobacteriumphageSpud	99.740	24201	62	1	1	24201	117840	142039	0.0	44341
MycobacteriumphageSiSi	MycobacteriumphageDrago	96.026	9915	370	18	1	9898	16643	26550	0.0	16105
MycobacteriumphageSirDuracell	MycobacteriumphageNala	96.332	7716	217	49	29	7708	52653	60338	0.0	12621
MycobacteriumphageSirHarley	MycobacteriumphageAdjutor	98.558	9016	110	9	3736	12741	43048	52053	0.0	15911
MycobacteriumphageSkiPole	MycobacteriumphageKBG	97.226	1694	46	1	3192	4885	43113	44805	0.0	2867
MycobacteriumphageSolon	MycobacteriumphageLesedi	97.766	16247	340	22	1	16233	11793	28030	0.0	27970
MycobacteriumphageSpartacus	MycobacteriumphageBobi	96.917	10476	291	15	3528	13996	16566	27016	0.0	17527
MycobacteriumphageSpike509	MycobacteriumphageAnubis	100.000	510	0	0	1	510	20414	20923	0.0	942
MycobacteriumphageSquirty	MycobacteriumphageEstave1	86.864	1789	201	27	5136	6911	31746	33513	0.0	1971
MycobacteriumphageSweetiePie	MycobacteriumphagePower	99.584	10565	44	0	1	10565	11326	21890	0.0	19267
MycobacteriumphageSwish	MycobacteriumphageFluffyNinja	100.000	4776	0	0	1	4776	22213	26988	0.0	8820
MycobacteriumphageThor	MycobacteriumphageBethlehem	97.215	7181	184	12	1	7179	22710	29876	0.0	12139
MycobacteriumphageThora	MycobacteriumphageTallGRassMM	97.744	6649	124	12	3130	9772	55455	62083	0.0	11424
MycobacteriumphageTiger	MycobacteriumphageJovo	94.101	10833	612	22	1859	12677	17507	28326	0.0	16439
MycobacteriumphageToto	Mycobacteriumphage244	99.639	832	3	0	1	832	71865	72696	0.0	1520
MycobacteriumphageTreddle	MycobacteriumphageEdtherson	99.875	2408	3	0	1	2408	4004	6411	0.0	4431
MycobacteriumphageTrouble	MycobacteriumphagePerseus	98.553	5736	78	5	1	5734	5859	11591	0.0	10128
MycobacteriumphageTurbido	MycobacteriumphagePower	89.441	7690	719	80	2320	9964	14667	22308	0.0	9616
MycobacteriumphageU2	MycobacteriumphageSwitzer	99.578	7109	30	0	1	7109	13936	21044	0.0	12962
MycobacteriumphageUncleHowie	MycobacteriumphageHarvey	98.452	9172	130	10	1	9165	47092	56258	0.0	16140
MycobacteriumphageValidus	MycobacteriumphageMurucutumbu	83.669	4617	613	98	8157	12693	45168	49723	0.0	4218
MycobacteriumphageVelveteen	MycobacteriumphageJob42	92.841	4819	327	14	5853	10662	42551	47360	0.0	6972
MycobacteriumphageViolet	MycobacteriumphageBBPiebs31	89.560	5163	437	70	824	5928	31896	37014	0.0	6455
MycobacteriumphageVista	MycobacteriumphagePipsqueak	99.030	10829	105	0	1	10829	38208	49036	0.0	19416
MycobacteriumphageVohminGhazi	MycobacteriumphageEricB	99.982	5519	1	0	1	5519	31432	36950	0.0	10187
MycobacteriumphageWally	MycobacteriumphageNappy	98.989	43739	409	20	9605	53321	47662	91389	0.0	78291
MycobacteriumphageWheeler	MycobacteriumphageDD5	97.074	752	22	0	253	1004	49402	50153	0.0	1267
MycobacteriumphageWhirlwind	MycobacteriumphageWinky	83.768	844	129	7	11371	12210	38646	39485	0.0	793
MycobacteriumphageWile	MycobacteriumphageMedusa	89.283	2622	252	21	870	3482	38482	41083	0.0	3258
MycobacteriumphageYoshand	MycobacteriumphageFluffyNinja	99.998	44619	1	0	1	44619	8658	53276	0.0	82391
MycobacteriumphageYungJamal	MycobacteriumphageCorndog	99.494	3955	20	0	1	3955	26709	30663	0.0	7193
MycobacteriumphageZaka	MycobacteriumphageJeffabunny	99.287	8550	60	1	1	8549	25381	33930	0.0	15450
MycobacteriumphageZoeJ	MycobacteriumphageTM4	91.545	5121	355	56	1	5094	34308	39377	0.0	6986
MycobacteriumphageZonia	MycobacteriumphageMorgushi	98.840	4657	54	0	1	4657	21910	26566	0.0	8301
Mycobacteriumphagebron	MycobacteriumphageCrossroads	79.850	4814	853	78	17	4754	6277	11049	0.0	3408
Mycobacteriumphagejaws	MycobacteriumphageMurucutumbu	93.134	21236	1386	51	6	21209	6532	27727	0.0	31072
Mycobacteriumphagemacncheese	MycobacteriumphagePixie	88.087	5263	481	110	18764	23934	44229	49437	0.0	6111
MycobacteriumphagevBMapSFF47	MycobacteriumphageMuddy	94.667	13895	712	18	5447	19323	14392	28275	0.0	21527
Oenococcusphagephi9805	OenococcusphagephiS13	97.150	19230	543	5	1613	20838	9531	28759	0.0	32470
ParacoccusphagevBPmaSIMEP1	Pseudomonasphage73	81.176	170	30	2	4591	4759	7260	7428	6.17e-30	135
PectobacteriumbacteriophagePM2	EscherichiaphageECML-134	72.990	2488	594	68	12620	15065	137281	139732	0.0	800
PelagibacterphageHTVC010P	PelagibacterphageHTVC019P	74.194	806	172	31	2998	3780	36817	37609	2.62e-80	303
PersicivirgaphageP12024L	PersicivirgaphageP12024S	97.961	9712	184	6	1301	10999	19831	29541	0.0	16825
PhagevBEcoPSU10	EnterobacteriaphagePhieco32	95.897	8360	341	2	3514	11872	14722	23080	0.0	13537
ProchlorococcusphageMED4-213	SynechococcusphageACG-2014c	75.218	1033	219	31	7181	8196	140754	139742	4.48e-126	455
ProchlorococcusphageP-HM1	ProchlorococcusphageP-SSM7	75.680	662	140	20	100550	101202	116225	116874	1.57e-81	311
ProchlorococcusphageP-RSM4	SynechococcusphageS-RIM8A.HR1	76.182	6533	1407	118	9232	15683	98901	105365	0.0	3306
ProchlorococcusphageP-SSM4	ProchlorococcusphageP-SSM7	77.499	4462	872	107	33189	37599	159685	164065	0.0	2556
ProchlorococcusphageP-SSP6	CyanophageNATL2A-133	89.691	5413	498	47	3423	8804	27747	33130	0.0	6850
ProchlorococcusphageP-SSP7	CyanophageNATL2A-133	77.268	1025	212	21	11559	12573	26450	25437	3.48e-164	582
ProchlorococcusphageSyn33	SynechococcusphageS-RIM2R11999	76.108	4085	913	59	41	4095	62180	66231	0.0	2078
PropionibacteriumphageATCC29399BT	PropionibacteriumphagePHL114L00	89.933	5851	553	26	4	5832	1337	7173	0.0	7509
PropionibacteriumphageP100D	PropionibacteriumphagePHL117M00	93.525	9575	592	22	1	9558	5396	14959	0.0	14222
PropionibacteriumphageP104A	PropionibacteriumphagePHL060L00	90.205	12384	1080	98	3368	15679	7766	20088	0.0	16026
PropionibacteriumphageP105	PropionibacteriumphagePHL085N00	95.448	2021	78	6	1	2008	7505	9524	0.0	3210
PropionibacteriumphagePAD20	PropionibacteriumphagePAS50	95.808	1169	45	4	1	1168	25015	26180	0.0	1884
PropionibacteriumphagePHL025M00	PropionibacteriumphageP1.1	90.438	5459	442	52	1	5417	13497	18917	0.0	7116
PropionibacteriumphagePHL037M02	PropionibacteriumphagePHL085N00	100.000	3498	0	0	1	3498	18388	21885	0.0	6460
PropionibacteriumphagePHL041M10	PropionibacteriumphageP101A	93.230	2201	133	15	1	2188	16186	18383	0.0	3225
PropionibacteriumphagePHL055N00	PropionibacteriumphagePHL117M00	100.000	8647	0	0	1	8647	19681	28327	0.0	15969
PropionibacteriumphagePHL067M09	PropionibacteriumphagePHL067M01	100.000	3770	0	0	1	3770	21326	25095	0.0	6962
PropionibacteriumphagePHL067M10	PropionibacteriumphagePHL067M01	100.000	5464	0	0	1	5464	17236	22699	0.0	10091
PropionibacteriumphagePHL071N05	PropionibacteriumphagePHL179M00	91.538	4550	332	39	1	4527	22638	27157	0.0	6220
PropionibacteriumphagePHL073M02	PropionibacteriumphagePHL151N00	100.000	4671	0	0	1	4671	23249	27919	0.0	8626
PropionibacteriumphagePHL082M03	PropionibacteriumphagePHL082M00	100.000	979	0	0	1	979	1279	2257	0.0	1808
PropionibacteriumphagePHL085M01	PropionibacteriumphagePHL085N00	100.000	430	0	0	1	430	11478	11907	0.0	795
PropionibacteriumphagePHL095N00	PropionibacteriumphagePA6	88.490	4935	490	65	1	4884	22498	27405	0.0	5895
PropionibacteriumphagePHL116M00	PropionibacteriumphagePHL112N00	85.774	478	61	7	1	475	26877	27350	1.11e-140	499
PropionibacteriumphagePHL116M10	PropionibacteriumphagePHL179M00	90.973	4298	345	30	1	4271	22779	27060	0.0	5747
PropionibacteriumphagePHL141N00	PropionibacteriumphageP9.1	94.618	353	19	0	3	355	15516	15868	2.87e-155	547
PropionibacteriumphagePHL150M00	PropionibacteriumphagePHL111M01	91.754	1625	127	4	1	1623	13137	14756	0.0	2252
PropionibacteriumphagePHL151M00	PropionibacteriumphagePHL010M04	100.000	1077	0	0	1	1077	23401	24477	0.0	1989
PropionibacteriumphagePHL152M00	PropionibacteriumphagePHL067M01	86.447	12816	1463	189	9363	22000	16557	29276	0.0	13791
PropionibacteriumphagePHL199M00	PropionibacteriumphagePHL111M01	94.643	168	9	0	2	169	27690	27857	1.83e-69	261
PropionibacteriumphagePHL301M00	PropionibacteriumphagePHL179M00	87.695	1926	210	21	1	1905	24938	26857	0.0	2218
PropionibacteriumphagePHL308M00	PropionibacteriumphagePHL060L00	91.527	3706	291	14	1	3686	19556	23258	0.0	5083
PropionibacteriumphagePacnes2012-15	PropionibacteriumphagePHL117M00	97.555	409	10	0	1	409	4856	4448	0.0	701
ProvidenciaphageRedjac	SalmonellaphageChi	72.927	4377	1022	132	23398	27693	16988	21282	0.0	1367
PseudoalteromonasphageHM1	VibriophageICP12006A	71.875	704	174	17	26870	27564	107616	108304	2.92e-43	182
PseudoalteromonasphageHS1	PseudoalteromonasphageHS5	100.000	2297	0	0	1	2297	32249	29953	0.0	4242
Pseudomonadphagegh-1	PseudomonasphagePhi-S1	79.470	1018	166	34	7899	8902	22343	23331	0.0	682
Pseudomonasphage119X	PseudomonasphagePaP2	96.998	7228	216	1	1	7228	17161	24387	0.0	12144
Pseudomonasphage14-1	PseudomonasphageSN	96.939	23329	696	16	1	23319	31303	54623	0.0	39109
PseudomonasphageCHAP1	PseudomonasphageKPP10	98.844	4586	45	8	1	4582	53048	57629	0.0	8168
PseudomonasphageD3	PseudomonasphagePAJU2	93.704	1080	65	3	13663	14741	33812	34889	0.0	1615
PseudomonasphageH66	PseudomonasphageF116	94.016	14189	786	50	7	14159	41616	55777	0.0	21440
PseudomonasphageJBD18	PseudomonasphageB3	88.023	5786	621	55	16760	22507	19867	25618	0.0	6780
PseudomonasphageJBD25	PseudomonasphageB3	90.027	2948	294	0	17556	20503	27032	29979	0.0	3816
PseudomonasphageJBD5	PseudomonasphageMP29	99.972	3564	1	0	1	3564	10547	14110	0.0	6577
PseudomonasphageJBD88a	PseudomonasphageFHA0480	99.975	4020	1	0	3475	7494	20098	24117	0.0	7419
PseudomonasphageJD024	PseudomonasphageJBD26	97.980	1485	30	0	1	1485	10949	12433	0.0	2577
PseudomonasphageJG024	PseudomonasphageSN	97.718	18361	405	9	1	18351	36267	54623	0.0	31573
PseudomonasphageKPP12	PseudomonasphageF8	89.143	1400	116	23	7	1386	60513	61896	0.0	1711
PseudomonasphageLBL3	PseudomonasphagevBPaeMPAO1Ab27	92.384	22953	1687	49	1	22921	32470	55393	0.0	32646
PseudomonasphageLKA1	PseudomonasphageMBL	75.721	416	71	24	9771	10168	17203	17606	3.24e-43	182
PseudomonasphageLKD16	PseudomonasphagePT5	94.695	2507	132	1	1	2507	39877	42382	0.0	3892
PseudomonasphageLMA2	PseudomonasphageNH-4	97.619	12265	273	10	2801	15059	41583	53834	0.0	21014
PseudomonasphageLUZ19	PseudomonasphagephikF77	92.414	14883	1072	35	1	14863	13145	27990	0.0	21176
PseudomonasphageLUZ24	PseudomonasphagephiIBB-PAA2	92.608	487	36	0	404	890	19658	20144	0.0	701
PseudomonasphageMP38	PseudomonasphageFHA0480	93.332	5699	360	20	2934	8622	24140	29828	0.0	8401
PseudomonasphageMP48	PseudomonasphagePA1phi	100.000	4250	0	0	1	4250	9445	13694	0.0	7849
PseudomonasphageP3CHA	PseudomonasphagePAKP5	96.648	10053	335	2	3	10054	30318	40369	0.0	16696
PseudomonasphagePAKP1	PseudomonasphageJG004	84.042	2212	319	26	263	2464	51619	53806	0.0	2098
PseudomonasphagePAKP2	PseudomonasphagevBPaeMC2-10Ab02	98.689	12132	158	1	1	12132	26020	38150	0.0	21521
PseudomonasphagePAKP3	PseudomonasphageKPP10	93.292	5143	330	14	1	5133	43313	48450	0.0	7572
PseudomonasphagePAKP4	PseudomonasphagevBPaeMC2-10Ab08	98.552	3177	31	4	1050	4213	19849	23023	0.0	5598
PseudomonasphagePMG1	PseudomonasphagevBPaeMPAO1Ab03	92.645	1346	88	8	10980	12323	9734	8398	0.0	1927
PseudomonasphagePa2	Pseudomonasphagephi176	99.072	2801	26	0	1	2801	2707	5507	0.0	5029
PseudomonasphagePaMx13	PseudomonasphageNH-4	89.296	9193	921	35	2	9177	44683	53829	0.0	11466
PseudomonasphagePaP1	PseudomonasphagevBPaeMC2-10Ab08	94.623	1990	101	5	1	1988	88274	90259	0.0	3077
PseudomonasphagePf-10	PseudomonasphagePhi-S1	90.106	1132	104	8	2	1129	33872	34999	0.0	1463
PseudomonasphageRWG	Pseudomonasphagephi176	97.537	41042	946	47	1	41017	28408	69409	0.0	70129
PseudomonasphageTL	PseudomonasphagephiIBB-PAA2	95.257	9002	418	8	2952	11949	21941	30937	0.0	14249
PseudomonasphageYuA	PseudomonasphagevBPaeSPAO1Ab18	74.851	1344	301	33	3770	5095	32362	33686	1.01e-161	575
Pseudomonasphagephi15	PseudomonasphagePhi-S1	74.688	2647	564	86	371	2964	4314	6907	0.0	1079
PseudomonasphagephiIBB-PF7A	PseudomonasphagePhi-S1	89.468	10976	1092	57	1543	12486	24769	35712	0.0	13806
PseudomonasphagephiKMV	PseudomonasphageMBL	100.000	2076	0	0	1	2076	10881	12956	0.0	3834
PseudomonasphagephiKZ	PseudomonasphagePhiPA3	80.868	899	160	10	20846	21738	121628	122520	0.0	697
PseudomonasphagevBPae-Kakheti25	Pseudomonasphage73	97.420	13137	302	31	26	13144	4738	17855	0.0	22347
PseudomonasphagevBPaeMC1-14Ab28	PseudomonasphageSPM-1	96.135	11564	444	3	7185	18746	49289	60851	0.0	18875
PseudomonasphagevBPaeMC2-10Ab1	PseudomonasphagevBPaeMC2-10Ab02	97.216	44221	1106	87	2770	46935	9629	53779	0.0	74725
PseudomonasphagevBPaeMC2-10Ab10	PseudomonasphagevBPaeMC2-10Ab02	99.980	9874	2	0	1	9874	80569	90442	0.0	18223
PseudomonasphagevBPaeMC2-10Ab15	PseudomonasphagevBPaeMC2-10Ab08	99.288	15023	106	1	1	15023	64253	79274	0.0	27148
PseudomonasphagevBPaeMPAO1Ab04	PseudomonasphagevBPaeMPAO1Ab03	99.962	2638	1	0	757	3394	7625	10262	0.0	4867
PseudomonasphagevBPaeMPAO1Ab06	PseudomonasphagevBPaeMPAO1Ab17	98.961	4235	42	2	1	4234	18640	22873	0.0	7576
PseudomonasphagevBPaeMPAO1Ab29	PseudomonasphagevBPaeMPAO1Ab27	100.000	2176	0	0	1	2176	22513	24688	0.0	4019
PseudomonasphagevBPaePC2-10Ab09	PseudomonasphageYH30	94.996	3917	164	21	1	3910	45660	41769	0.0	6119
PseudomonasphagevBPaePC2-10Ab22	PseudomonasphagephiIBB-PAA2	95.599	10771	459	12	1	10765	31210	41971	0.0	17250
PseudomonasphagevBPaeSSCHAb26	Pseudomonasphage73	96.383	8266	237	34	1	8216	27590	35843	0.0	13551
RalstoniaphageRS611	RalstoniaphageRSS30	96.391	665	22	2	3	665	4530	5194	0.0	1094
RalstoniaphageRSMSuper	RalstoniaphageRSM1	100.000	205	0	0	1	205	7757	7961	6.03e-105	379
RalstoniaphageRSS0	RalstoniaphageRSS30	97.193	570	11	3	1	565	4213	4782	0.0	959
RalstoniaphageRSS1	RalstoniaphageRSS30	96.780	2267	61	10	1	2256	2974	5239	0.0	3771
RalstoniaphageRSY1	RalstoniaphageRSS30	95.172	1015	44	4	14368	15380	6380	7391	0.0	1598
RhizobiumphageRHEph03	RhizobiumphageRHEph09	93.332	9628	590	36	1	9594	6531	16140	0.0	14176
RhizobiumphageRHEph08	RhizobiumphageRHEph09	99.986	6925	1	0	1	6925	14580	21504	0.0	12783
RhodococcusphageReqiPine5	MycobacteriumphageBane1	76.154	910	179	26	4319	5209	12283	13173	2.44e-122	444
RoseobacterphageSIO1	CeleribacterphageP12053L	87.031	5066	615	35	102	5153	8472	13509	0.0	5677
Salmonellaphage7-11	KlebsiellaphageKP15	74.526	738	168	18	3671	4397	77330	78058	1.95e-80	303
SalmonellaphageEnt1	SalmonellaphageSETP13	91.221	5707	494	7	6685	12387	14307	20010	0.0	7757
SalmonellaphageFSLSP-004	EnterobacteriaphagefiAA91-ss	79.158	1924	340	44	8221	10112	15864	17758	0.0	1275
SalmonellaphageFSLSP-031	EscherichiaphageK1-dep(4)	81.391	1956	329	31	2879	4821	5152	7085	0.0	1563
SalmonellaphageFSLSP-124	SalmonellaphageFSLSP-039	94.829	12899	631	22	1	12890	21730	8859	0.0	20092
SalmonellaphageFSLSP030	SalmonellaphageFSLSP-039	100.000	4702	0	0	1	4702	48855	53556	0.0	8684
SalmonellaphageFSLSP088	SalmonellaphageFSLSP-039	94.478	13600	714	25	1	13587	15257	1682	0.0	20919
SalmonellaphageJersey	SalmonellaphageSETP3	89.624	7392	762	5	16190	23578	15242	22631	0.0	9396
SalmonellaphageL13	SalmonellaphageSETP7	87.932	3505	416	5	1	3502	16163	12663	0.0	4122
SalmonellaphageLSPA1	SalmonellaphageSETP7	93.554	574	35	2	3	576	36112	36683	0.0	854
SalmonellaphageMaynard	SalmonellaphageMarshall	97.235	17903	441	41	12197	30069	122109	139987	0.0	30269
SalmonellaphageMushroom	EscherichiaphagevBEcoM-VpaE1	97.269	6811	162	20	1	6800	33664	26867	0.0	11526
SalmonellaphageP22-pbi	SalmonellaphagevBSemPEmek	97.431	2413	56	6	6732	9141	30298	32707	0.0	4108
SalmonellaphagePVP-SE1	SalmonellaphageSSE-121	99.993	15011	1	0	15953	30963	147745	132735	0.0	27715
SalmonellaphageRE-2010	ErwiniaphageENT90	74.822	1263	286	24	2135	3384	12187	10944	9.16e-152	542
SalmonellaphageS16	SalmonellaphageSTML-198	96.863	4526	129	10	6	4530	32578	37091	0.0	7559
SalmonellaphageSE2	SalmonellaphageSETP3	91.993	7319	571	10	1	7311	5910	13221	0.0	10255
SalmonellaphageSPC32H	SalmonellaphageSPC32N	100.000	37	0	0	1	37	2592	2628	1.31e-12	69.4
SalmonellaphageSPN19	SalmonellaphageChi	95.058	8236	399	8	1	8232	53941	45710	0.0	12947
SalmonellaphageSPN1S	SalmonellaphageSPC32N	99.991	11497	0	1	1	11496	21916	33412	0.0	21224
SalmonellaphageSPN3UB	EnterobacteriaphageHK544	86.630	718	80	14	14318	15028	38334	39042	0.0	780
SalmonellaphageSS3e	SalmonellaphageSETP13	89.493	3512	359	7	1	3510	18020	14517	0.0	4433
SalmonellaphageST64B	ShigellaphageSfII	81.783	1559	283	1	2695	4253	33685	35242	0.0	1304
SalmonellaphageSTP4-a	SalmonellaphageSTML-198	98.144	22899	421	4	14103	37000	108818	131713	0.0	39929
SalmonellaphageShivani	EnterobacteriaphageDT57C	91.099	13953	1203	35	1	13930	78343	92279	0.0	18849
SalmonellaphageSpc35	EnterobacteriaphageDT57C	93.767	14697	854	37	33212	47887	47861	62516	0.0	22009
SalmonellaphageVi06	EnterobacteriaphageT7	84.575	12104	1723	96	11789	23821	23008	35038	0.0	11876
SalmonellaphageViI	SalmonellaphageMarshall	99.004	5118	51	0	1	5118	29956	24839	0.0	9169
SalmonellaphageiEPS5	SalmonellaphageFSLSP-039	94.436	5769	311	5	1	5761	24714	18948	0.0	8866
SalmonellaphagevBSalMSJ2	SalmonellaphageMarshall	94.895	12792	642	9	12954	25739	40079	52865	0.0	19994
SalmonellaphagevBSenS-Ent3	SalmonellaphageSETP3	94.668	9359	490	5	4870	14221	28391	37747	0.0	14510
SalmonellaphagevBSenSAG11	SalmonellaphageSETP3	94.795	365	19	0	265	629	41694	42058	1.13e-161	569
Salmonellaphagewksl3	SalmonellaphageSETP7	89.700	2971	306	0	4	2974	17332	14362	0.0	3792
SerratiaphageEta	SalmonellaphagevBSosSOslo	100.000	28	0	0	9514	9541	28109	28082	2.04e-04	52.8
SerratiaphagePS2	EnterobacteriaphageRB10	74.627	268	66	2	88	354	42559	42825	7.06e-24	117
SerratiaphagephiMAM1	SalmonellaphageSKML-39	73.247	2781	646	79	2445	5177	105229	107959	0.0	924
Shewanellasp.phage1/4	Shewanellasp.phage1/40	99.869	763	1	0	1	763	38082	38844	0.0	1404
Shigellaphage75/02Stx	EnterobacteriaphageVT2-Sakai	96.846	7990	240	9	1	7984	46520	54503	0.0	13348
ShigellaphageAg3	SalmonellaphageSKML-39	98.348	2542	42	0	1	2542	139705	137164	0.0	4462
ShigellaphagePOCJ13	Stx2convertingphagevBEcoP24B	96.567	9087	293	16	4174	13252	44881	53956	0.0	15034
ShigellaphageShf125875	EscherichiacoliO157typingphage6	97.479	16901	403	14	3191	20081	122543	139430	0.0	28829
ShigellaphageShfl1	ShigellaphagepSf-2	94.161	1918	109	1	1	1915	48528	46611	0.0	2918
ShigellaphageShfl2	EnterobacteriaphageRB14	95.724	26143	1002	66	1	26119	111681	137731	0.0	41977
ShigellaphagepSb-1	EscherichiaphageEC1-UPM	93.519	11078	688	21	1771	12820	35655	46730	0.0	16452
ShigellaphagepSf-1	ShigellaphagepSf-2	88.632	475	49	3	13080	13551	45501	45973	4.80e-161	573
ShigellaphagepSs-1	EnterobacteriaphageRB10	95.045	22564	1042	57	7	22535	83924	106446	0.0	35405
SodalisphageSO1	EnterobacteriaphageSSL2009a	92.532	4981	349	11	864	5825	31391	36367	0.0	7116
SpiroplasmaphageSVTS2	SpiroplasmaphageSVGII3	92.925	212	15	0	203	414	1746	1957	2.30e-83	309
Sputnikvirophage3	Sputnikvirophage2	100.000	367	0	0	1	367	13978	14344	0.0	678
Staphylococcusphage11	StaphylococcusphageSA12	94.689	7494	373	25	1	7482	30442	37922	0.0	11611
Staphylococcusphage13	StaphylococcusprophagephiPV83	99.368	4429	19	1	4384	8812	14925	19344	0.0	8015
Staphylococcusphage187	StaphylococcusphageX2	98.548	1653	24	0	5606	7258	28211	29863	0.0	2920
Staphylococcusphage37	Staphylococcusphage69	81.818	99	16	2	1957	2054	21926	22023	2.20e-14	82.4
Staphylococcusphage3A	Staphylococcusphage47	99.314	1457	10	0	4758	6214	29236	30692	0.0	2636
Staphylococcusphage42E	StaphylococcusphageSA12	99.320	2501	17	0	2298	4798	40261	42761	0.0	4525
Staphylococcusphage55	Staphylococcusphage71	99.511	409	2	0	1	409	39771	40179	0.0	745
Staphylococcusphage66	StaphylococcusphageS13'	94.430	1490	83	0	1	1490	10092	8603	0.0	2292
Staphylococcusphage6ec	StaphylococcusphagephiIPLA-C1C	85.905	901	119	8	7300	8196	129169	130065	0.0	953
Staphylococcusphage77	StaphylococcusphagephiBU01	100.000	166	0	0	1	166	19995	19830	2.28e-83	307
Staphylococcusphage80	Staphylococcusphage52A	99.995	19708	1	0	1	19708	5543	25250	0.0	36389
Staphylococcusphage88	Staphylococcusphage53	94.412	3579	176	23	11377	14945	35109	38673	0.0	5480
Staphylococcusphage92	StaphylococcusphagephiMR11	97.355	18561	479	9	1	18556	23583	42136	0.0	31545
StaphylococcusphageG1	StaphylococcusphageSA5	99.839	17959	3	17	1	17959	65849	47917	0.0	32980
StaphylococcusphageGRCS	StaphylococcusphageSAP-2	93.766	385	24	0	1	385	16500	16884	1.10e-164	579
StaphylococcusphageISP	StaphylococcusphageA5W	99.853	42297	62	0	1	42297	81558	123854	0.0	77765
StaphylococcusphageIpla7	StaphylococcusphageCNPH82	98.984	3149	32	0	3	3151	15681	18829	0.0	5638
StaphylococcusphageIpla88	Staphylococcusphagephinm2	95.076	8896	436	2	5	8898	18297	27192	0.0	14000
StaphylococcusphageJS01	StaphylococcusphageB166	97.825	6850	141	8	4696	11541	5687	12532	0.0	11817
StaphylococcusphageLH1	Staphylococcusphage47	99.059	10093	95	0	1	10093	3792	13884	0.0	18113
StaphylococcusphageP954	StaphylococcusprophagephiPV83	97.285	1105	26	2	1	1102	37498	38601	0.0	1871
StaphylococcusphagePH15	StaphylococcusphageCNPH82	91.297	2344	178	23	3898	6230	31902	34230	0.0	3175
StaphylococcusphagePhi12	StaphylococcusphageIpla35	96.425	3748	127	4	975	4716	16564	20310	0.0	6172
StaphylococcusphagePvl108	StaphylococcusphagePVL	99.241	14234	94	12	6641	20874	1	14220	0.0	25675
StaphylococcusphageS24-1	StaphylococcusphageS13'	100.000	1252	0	0	1	1252	5809	7060	0.0	2313
StaphylococcusphageSA1	EscherichiaphagevBEcoM-VpaE1	96.658	9036	292	5	1	9034	34591	43618	0.0	15005
StaphylococcusphageSA11	StaphylococcusphagevBSauMRemus	99.398	4652	27	1	840	5491	134643	129993	0.0	8434
StaphylococcusphageSA97	StaphylococcusphagephiETA2	96.343	7191	261	2	1	7190	34742	41931	0.0	11821
StaphylococcusphageSMSAP5	StaphylococcusphageStauST398-2	94.368	728	41	0	1	728	21444	20717	0.0	1118
StaphylococcusphageSP6	StaphylococcusphageSA12	100.000	2895	0	0	1	2895	6847	9741	0.0	5347
StaphylococcusphageSb-1	StaphylococcusphageIME-SA1	99.784	2318	5	0	936	3253	69186	71503	0.0	4253
StaphylococcusphageSlt	StaphylococcusphageStauST398-2	98.637	21575	281	12	977	22548	18263	39827	0.0	38200
StaphylococcusphageSpaA1	BacillusphagephIS3501	93.620	5470	304	13	18592	24038	5255	10702	0.0	8126
StaphylococcusphageStB27	StaphylococcusphageStB12	92.213	976	57	17	2473	3439	15895	16860	0.0	1363
StaphylococcusphageStauST398-1	StaphylococcusphagephiMR11	98.528	14197	207	2	1	14197	30840	16646	0.0	25058
StaphylococcusphageStauST398-5	StaphylococcusphagephiMR11	98.281	10298	170	6	1	10296	22312	32604	0.0	18029
StaphylococcusphageTeam1	StaphylococcusphageIME-SA2	99.884	24916	22	7	1	24915	87739	112648	0.0	45844
StaphylococcusphageTwort	StaphylococcusphagevBSauMRemus	88.113	1304	144	6	25679	26971	129825	128522	0.0	1539
StaphylococcusphageYMC/09/04/R1988	StaphylococcusphageStauST398-2	96.956	3482	81	16	1	3459	9709	13188	0.0	5819
Staphylococcusphagephi5967PVL	Staphylococcusphagephi7247PVL	100.000	659	0	0	1	659	32039	32697	0.0	1218
Staphylococcusphagephi7401PVL	Staphylococcusphage47	98.323	10259	160	12	1	10255	3733	13983	0.0	17981
StaphylococcusphagephiETA	StaphylococcusphagephiETA3	98.066	2740	53	0	1	2740	39506	42245	0.0	4767
StaphylococcusphagephiIPLA-RODI	StaphylococcusphageGH15	95.197	30978	1454	24	7397	38354	90886	121849	0.0	48931
StaphylococcusphagephiMR25	Staphylococcusphage53	97.381	10422	270	3	1	10421	5452	15871	0.0	17730
StaphylococcusphagephiNM4-gamma4	Staphylococcusphage96	98.550	12686	172	10	1758	14435	1	12682	0.0	22397
StaphylococcusphagephiPVL-CN125	Staphylococcusphagephi7247PVL	93.995	5662	304	32	1	5646	35586	41227	0.0	8540
Staphylococcusphagephinm1	Staphylococcusphagephinm2	99.936	11023	5	2	7118	18138	7440	18462	0.0	20316
StaphylococcusphagevBSepSSEP9	StaphylococcusphagephiIPLA-C1C	96.130	1809	68	2	23344	25151	130066	131873	0.0	2952
StenotrophomonasphagephiSMA9	StenotrophomonasphagephiSMA6	85.496	131	19	0	915	1045	6126	5996	5.50e-31	137
Streptococcusphage2972	StreptococcusphageDT1	87.612	1227	134	15	663	1880	21528	22745	0.0	1408
StreptococcusphageCP-7	StreptococcusphageSOCP	90.825	3150	281	8	1	3146	12488	15633	0.0	4209
StreptococcusphageJX01	StreptococcusphageT12	81.034	174	18	11	1344	1508	3186	3019	2.68e-27	124
StreptococcusphageP9	StreptococcusphageLYGO9	88.922	334	23	11	13438	13764	34770	34444	7.66e-109	399
StreptococcusphageSPQS1	EnterococcusphageBC611	91.473	3659	295	17	5001	8651	41361	45010	0.0	5012
StreptococcusphageSfi19	StreptococcusphageSfi21	90.707	6263	539	34	3411	9648	10747	16991	0.0	8301
StreptococcusphageSpSL1	StreptococcusphagePH10	87.012	2818	324	34	3044	5836	2666	5466	0.0	3138
StreptococcusphageTP-J34	StreptococcusphageSfi11	100.000	66	0	0	1	66	18847	18912	2.73e-28	122
Streptococcusphagephi891591	Streptococcusphagephi7917	98.737	19722	237	9	4573	24289	6461	26175	0.0	35030
StreptococcusphagephiBHN167	StreptococcusphageMM11998	98.664	2919	30	4	6700	9612	7454	4539	0.0	5166
StreptomycesphageR4	StreptomycesphagephiELB20	99.123	15272	131	3	1	15270	14516	29786	0.0	27457
StreptomycesphageYDN12	StreptomycesphageTP1604	93.168	8138	527	24	4468	12587	7402	15528	0.0	11921
Stx2-convertingphage86	Stx2convertingphagevBEcoP24B	96.094	12340	452	24	3493	15820	26202	38523	0.0	20090
Stx2convertingphageI	Enterobacteriaphage933W	99.981	10573	2	0	1	10573	51098	61670	0.0	19514
SulfitobacterphageEE36phi1	SilicibacterphageDSS3phi2	89.466	5800	542	45	5070	10835	7045	12809	0.0	7262
SynechococcusphageACG-2014g	SynechococcusphageACG-2014b	89.825	7253	668	55	4334	11552	127094	134310	0.0	9241
SynechococcusphageACG-2014i	SynechococcusphageACG-2014e	93.877	6108	340	22	1	6080	151266	157367	0.0	9177
SynechococcusphageS-CBP1	SynechococcusphageS-CBP4	77.718	3927	767	80	2375	6234	10416	14301	0.0	2305
SynechococcusphageS-CBP3	SynechococcusphageS-CBP4	84.501	3910	547	48	8093	11970	10420	14302	0.0	3808
SynechococcusphageS-CRM01	SynechococcusphageS-SM2	71.782	769	188	27	21095	21848	125800	125046	6.81e-46	191
SynechococcusphageS-MbCM100	SynechococcusphageACG-2014a	99.573	3513	0	1	1	3513	162085	165582	0.0	6390
SynechococcusphageS-PM2	ProchlorococcusphageSyn1	79.826	6895	1243	116	68235	75059	112675	119491	0.0	4891
SynechococcusphageS-RIM2R212007	SynechococcusphageS-RIM2R11999	99.856	15294	22	0	1	15294	82646	97939	0.0	28121
SynechococcusphageS-RIM2R92006	SynechococcusphageS-RIM2R11999	99.257	19778	145	2	1	19778	151730	171505	0.0	35707
SynechococcusphageS-RIM8A.HR5	SynechococcusphageS-RIM8A.HR1	99.992	35311	2	1	1	35311	91613	126922	0.0	65189
SynechococcusphageS-RSM4	SynechococcusphageACG-2014j	78.815	1992	340	61	28714	30665	20228	18279	0.0	1266
SynechococcusphageS-SM1	SynechococcusphageSyn19	83.346	5146	753	64	18271	23348	110348	115457	0.0	4660
SynechococcusphageS-SSM5	SynechococcusphageS-RIM8A.HR1	78.657	4737	921	74	3	4691	135705	140399	0.0	3064
SynechococcusphageS-ShM2	SynechococcusphageS-CAM8	86.310	1965	222	32	3291	5225	156643	158590	0.0	2095
SynechococcusphagemetaG-MbCM1	SynechococcusphageS-RIM2R11999	78.985	4454	833	77	15733	20128	22539	26947	0.0	2944
TemperatephagephiNIH1.1	StreptococcusphageT12	87.700	813	96	4	1	811	10049	10859	0.0	944
UnculturedphageWW-nAnBstrain3	UnculturedphageWW-nAnBstrain2	92.000	150	10	2	1	149	4700	4848	5.92e-54	209
VibriocholeraeO1biovarElTor	VibriophageVPUSM8	99.969	9562	1	1	1	9560	21245	30806	0.0	17640
VibriophageCJY	VibriophageH1	98.565	1045	15	0	1	1045	26400	27444	0.0	1847
VibriophageCP-T1	VibriophageICP12005A	92.908	987	66	3	6936	7920	32317	31333	0.0	1432
VibriophageH2	VibriophageH1	98.399	16862	262	7	1	16858	15956	32813	0.0	29636
VibriophageH3	VibriophageH1	99.985	13160	2	0	1	13160	15177	28336	0.0	24291
VibriophageICP12001A	VibriophageICP12006A	99.863	9514	13	0	1042	10555	76055	85568	0.0	17498
VibriophageICP12004A	VibriophageICP12005A	99.696	10207	11	2	333	10519	9165	19371	0.0	18659
VibriophageICP12006C	VibriophageICP12006B	99.876	16094	20	0	1	16094	45724	61817	0.0	29610
VibriophageICP12006D	VibriophageICP12005A	99.882	11891	14	0	1	11891	70428	82318	0.0	21882
VibriophageICP22013AHaiti	VibriophageICP2	86.972	1988	251	8	3471	5454	34396	36379	0.0	2230
VibriophageICP32007A	VibriophageICP32008A	99.955	17602	5	2	608	18206	7928	25529	0.0	32457
VibriophageJ2	VibriophageH1	99.692	2919	9	0	1	2919	15988	18906	0.0	5341
VibriophageJ3	VibriophageH1	100.000	13974	0	0	1	13974	17530	31503	0.0	25806
VibriophageJA-1	Vibriophagephi1	94.488	7202	389	8	853	8050	40394	47591	0.0	11093
VibriophageKSF-1phi	VibriophageVSKK	95.575	113	5	0	2291	2403	327	439	2.96e-44	182
VibriophageN4	VibriophageVP3	94.142	6811	344	28	2334	9129	14779	21549	0.0	10316
VibriophageND1-fs1	VibriophageVSKK	98.730	1969	1	17	2821	4770	1208	3171	0.0	3476
VibriophagePV94	VibriophageVPUSM8	78.236	4094	770	94	10245	14287	12985	17008	0.0	2512
VibriophageQH	VibriophageH1	97.292	11744	289	12	11571	23314	22826	34540	0.0	19898
VibriophageSSP002	VibriophagevBVpaSMAR10	79.964	12627	2210	241	4	12461	46028	58503	0.0	9007
VibriophageVCO139	Vibriophagephi1	96.631	8577	289	0	19235	27811	31161	39737	0.0	14238
VibriophageVCY-phi	VibriophageVSKK	83.706	313	37	10	714	1019	1214	1519	2.70e-75	283
VibriophageVEJphi	VibriophageVSKK	95.432	1598	62	6	1	1591	5241	6834	0.0	2536
VibriophageVP4	VibriophageVP3	99.654	6650	2	1	1	6650	32769	39397	0.0	12133
VibriophageVP5	VibriophageH1	97.254	874	22	2	94	965	35677	36550	0.0	1480
VibriophageVSK	VibriophageVSKK	94.478	996	23	20	1	989	3967	4937	0.0	1506
VibriophageVf33	VibriophageVf12	99.977	4288	1	0	1	4288	3347	7634	0.0	7914
VibriophageVfO3K6	VibriophageVfO4K68	100.000	4786	0	0	1	4786	1320	6105	0.0	8839
Vibriophagephi-A318	VibriophageAS51	100.000	120	0	0	1	120	41683	41802	5.76e-58	222
Vibriophagephi-pp2	VibriophageVH7D	82.275	4457	680	83	5570	9970	169309	173711	0.0	3753
Vibriophagephi3	VibriophagepVp-1	74.118	1843	412	51	15146	16950	15474	13659	0.0	701
VibriophagevBVchM-138	VibriophageVPUSM8	86.617	665	89	0	492	1156	30012	30676	0.0	736
VibriophagevBVpaMMAR	VibriophageVP882	87.941	340	37	4	9595	9932	13619	13956	2.29e-108	398
XanthomonasphageCP1	XanthomonasphagephiL7	73.484	3002	698	82	1452	4397	2770	5729	0.0	1044
XanthomonasphageCf1c	XanthomonasphageXacF1	99.713	3134	3	4	1	3128	2141	5274	0.0	5733
YersiniaphageBerlin	YersiniaphageYep-phi	99.100	17000	152	1	1	16999	19599	36598	0.0	30544
YersiniaphagephiD1	EnterobacteriaphageRB14	98.551	1725	25	0	3	1727	143331	145055	0.0	3048
YersiniaphagephiR1-RT	SalmonellaphagePhiSH19	86.316	95	9	4	1325	1416	137383	137290	1.07e-19	100
YersiniaphagevBYenMTG1	SalmonellaphageSTML-198	73.598	3102	724	78	8746	11800	128638	131691	0.0	1103
Zamilonvirophage	Sputnikvirophage2	75.502	1245	275	27	1	1230	16631	17860	4.10e-165	582
syntheticEnterobacteriaphagephiX174.1f	EnterobacteriaphageS13	95.387	542	6	6	172	713	1588	2110	0.0	845
